Price,Location,Spare,Length,Width,Direction,Amenities
565 triệu,"Đường Quốc Lộ 50, Xã Phước Đông, Huyện Cần Đước, Long An",103 m²,18.7 m,5.5 m,--,1
1.8 tỷ,"Đường Quốc Lộ 5B Phú Điền, Nam Sách, Hải Dương",125 m²,12.5 m,10 m,--,0
580 triệu,"Đường Quốc Lộ 50, Thị trấn Cần Đước, Huyện Cần Đước, Long An",110.60 m²,22.12 m,5 m,--,1
550 triệu,"Đường Quốc Lộ 50, Thị trấn Cần Đước, Huyện Cần Đước, Long An",100 m²,20 m,5 m,--,1
468 triệu,"Quốc Lộ 50, Xã Bình Đông, Thị xã Gò Công, Tiền Giang",103 m²,18.7 m,5.5 m,--,1
1.8 tỷ,"Đường 12 Vĩnh Hòa, Nha Trang, Khánh Hòa",95 m²,19 m,5 m,--,0
11 tỷ,"Đường 2 Diên Thạnh, Diên Khánh, Khánh Hòa",323 m²,19 m,17 m,--,0
3.65 tỷ,"Đường Thân Nhân Trung Trảng Dài, Biên Hòa, Đồng Nai",125 m²,25 m,5 m,--,0
1.55 tỷ,"Đường Đại lộ Thăng Long Vân Côn, Hoài Đức, Hà Nội",55 m²,11 m,5 m,--,0
3.65 tỷ,"Đường Tây Thạnh Tây Thạnh, Tân Phú, TPHCM",43 m²,11.7 m,3.6 m,--,0
1.55 tỷ,"Đường Đại lộ Thăng Long Vân Côn, Hòa Đức, Hà Nội",55 m²,11 m,5 m,--,0
800 triệu,"Đường Lộc Tân, Xã Phú Lộc, Huyện Krông Năng, Đắk Lắk",132 m²,22 m,6 m,Đông,1
990 triệu,"Đường Lê Lâm, Phường 6, TP Mỹ Tho, Tiền Giang",75 m²,15 m,5 m,--,0
1.4 tỷ,"Đường Bãi Trường Dương Tơ, Phú Quốc, Kiên Giang",145 m²,24 m,6 m,--,0
1.1 tỷ,"Đường Quốc Lộ 53 Càng Long, huyện Càng Long, Trà Vinh",320 m²,--,--,--,0
1.7 tỷ,"Đường Quốc lộ 18, Xã An Sinh, Thị xã Đông Triều, Quảng Ninh","2,190 m²",136 m,16 m,--,0
6.8 tỷ,"Đường Võ Thị Sáu, Phường Thống Nhất, TP. Biên Hòa, Đồng Nai",84 m²,--,4.2 m,--,0
2 tỷ,"Đường Dương Minh Châu Vĩnh Quang, Rạch Giá, Kiên Giang",122 m²,24.4 m,5 m,--,0
3.5 tỷ,"Đường 87A Yên Bài, Ba Vì, Hà Nội","1,332 m²",37 m,29 m,--,0
439 triệu,"Quốc Lộ 13, Xã Lộc Thiện, Huyện Lộc Ninh, Bình Phước",150 m²,6 m,26 m,--,1
6.34 tỷ,"Đường Quốc lộ 60, Xã Tân Hội, Huyện Mỏ Cày Nam, Bến Tre",745 m²,75 m,10 m,--,0
671 triệu,"Đường 10, Xã Mỹ Đức, Huyện An Lão, TP Hải Phòng",76 m²,16.8 m,4.5 m,--,0
2.84 tỷ,"Đường Tỉnh Lộ 131, Xã Quang Tiến, Huyện Sóc Sơn, TP Hà Nội",107 m²,26 m,4 m,--,0
1.47 tỷ,"Đường Quốc Lộ 13, Thị trấn Lai Uyên, Huyện Bàu Bàng, Bình Dương",80 m²,16 m,5 m,--,0
3.5 tỷ,"Đường Quốc Lộ 3 Tiên Dược, Sóc Sơn, Hà Nội",100 m²,24 m,4.1 m,--,0
5.1 tỷ,"Đường Lê Đức Thọ, phường 14, Gò Vấp, TPHCM",61 m²,16 m,4 m,--,0
2.15 tỷ,"Đường D5, Phường 25, Quận Bình Thạnh, TP. Hồ Chí Minh",92 m²,--,--,--,0
1.05 tỷ,"Đường Phố Yên, Phường Hội Hợp, TP Vĩnh Yên, Vĩnh Phúc",93 m²,--,--,--,0
2.35 tỷ,"Xã Phú Hải, Huyện Phú Vang, Thừa Thiên Huế",150 m²,20 m,7.5 m,Đ.Nam,0
800 triệu,"Đường Lộc Tân, Xã Phú Lộc, Huyện Krông Năng, Đắk Lắk",132 m²,22 m,6 m,Bắc,1
6.1 tỷ,"Đường Long Sơn, Xã Long Sơn, Huyện Cần Đước, Long An","1,438 m²",--,--,--,0
1.1 tỷ,"Đường Âu Cơ, Xã Tân Lạc, Huyện Bảo Lâm, Lâm Đồng",150 m²,5 m,30 m,--,1
3.8 tỷ,"Đường Quốc lộ 80, xã Hòa Thành, huyện Lai Vung, Đồng Tháp",990 m²,--,--,--,0
15 tỷ,"Đường Nguyễn Thị Minh Khai, Phường 8, Tp. Vũng Tàu, BR-VT",118 m²,23 m,5 m,--,0
1.5 tỷ,"Xã Thạnh Phú, Huyện Vĩnh Cửu, Đồng Nai",100 m²,20 m,5 m,--,0
750 triệu,"Đường Hùng Vương, Xã Phú Lộc, Huyện Krong Năng, Đăk Lăk",140 m²,23 m,6 m,--,0
3.2 tỷ,"Đường ngô gia tự Đức Giang, Long Biên, Hà Nội",28 m²,6 m,5 m,--,0
750 triệu,"Đường Hùng Vương, xã Phú Lộc, Huyện Krông Năng, Đắk Lắk",140 m²,23 m,6 m,--,0
14 tỷ,"Đường Quốc lộ 22, xã Phước Thạnh, Huyện Củ Chi, TP. HCM","1,926 m²",50 m,40 m,--,0
800 triệu,"Đường Lộc Tân, Xã Phú Lộc, Huyện Krông Năng, Đắk Lắk",132 m²,22 m,6 m,Bắc,1
15.3 tỷ,"Đường Số 11 Bình Thắng, Dĩ An, Bình Dương",300 m²,30 m,10 m,--,0
6 tỷ,"Đường Mậu Lương Kiến Hưng, Hà Đông, Hà Nội",50 m²,12 m,4 m,--,0
21 tỷ,"Xã Vĩnh Thạnh, Huyện Lấp Vò, Đồng Tháp","13,000 m²",100 m,74 m,--,1
5.75 tỷ,"Đường Phú Lãm, Phường Phú Lãm, Quận Hà Đông, TP Hà Nội",50 m²,12 m,4 m,--,0
3.9 tỷ,"Đường Võ Văn Kiệt, Phường An Lạc, Quận Bình Tân, TPHCM",65 m²,13 m,5 m,--,0
2 tỷ,"Đường 43, Thị trấn Mộc Châu, Huyện Mộc Châu, Sơn La",580 m²,--,--,--,0
2.1 tỷ,"Đường Đại Lộ Bắc Sơn, Xã Long Đức, Huyện Long Thành, Đồng Nai",210 m²,--,--,--,0
2.6 tỷ,"Đường Nguyên Khê, Xã Xuân Nộn, Huyện Đông Anh, TP. Hà Nội",85 m²,17 m,5 m,Nam,1
2.95 tỷ,"Đường Lê Trọng Tấn, Phường La Khê, Quận Hà Đông, TP Hà Nội",52 m²,3.5 m,15 m,--,0
2 tỷ,"Đường 43 Mộc Châu, huyện Mộc Châu, Sơn La",580 m²,--,--,--,0
350 triệu,"Đường Nam Sông Hậu(Quốc lộ 91C), Thị Trấn Mái Dầm, Huyện Châu Thành, Hậu Giang.",72 m²,16 m,--,--,0
2.04 tỷ,"Đường Liên Hoa 1, Xã Vĩnh Ngọc, TP. Nha Trang, Khánh Hòa",110 m²,22 m,5 m,--,0
3.6 tỷ,"Đường Hồ Học Lãm, Phường An Lạc, Quận Bình Tân, TPHCM",60 m²,12 m,5 m,--,0
1.69 tỷ,"Lê Văn Lương, Xã Phước Kiển, Huyện Nhà Bè, TP. Hồ Chí Minh",85 m²,17 m,5 m,--,0
150 triệu,"Đường Tân Biên Tân Biên, huyện Tân Biên, Tây Ninh",260 m²,42 m,6.2 m,--,0
2.24 tỷ,"Đường Võ Nguyên Giáp Vĩnh Ngọc, Đông Anh, Hà Nội",52 m²,13 m,4 m,--,0
1.39 tỷ,"Đường Mạc Đĩnh Chi, Phường 2, TP. Bảo Lộc, Lâm Đồng",115 m²,23 m,5 m,Bắc,1
1.97 tỷ,"Đường Võ Nguyên Giáp, Xã Vĩnh Ngọc, Huyện Đông Anh, TP Hà Nội",41 m²,10 m,4 m,--,0
1.15 tỷ,"Đường Tỉnh Lộ 131, Thị trấn Sóc Sơn, Huyện Sóc Sơn, TP Hà Nội",46 m²,7.77 m,5.9 m,--,0
1.55 tỷ,"Đường Cao Tốc Thăng Long, Thị trấn Đông Anh, Huyện Đông Anh, TP Hà Nội",86 m²,17 m,5 m,--,0
350 triệu,"Đường Đại Lộ Minh Hưng - Dầu Tiếng, Phường Minh Hưng, Thi Xã Chơn Thành, Bình Phước",500 m²,50 m,10 m,--,0
1.5 tỷ,"Đường 43, Xã Chiềng Sơn, huyện Mộc Châu, Sơn La","4,950 m²",--,--,--,0
650 triệu,"Đường Ấp Hiệu Trị, Xã Bình Nghị, Huyện Gò Công Đông, Tiền Giang",317 m²,50 m,--,--,0
3.1 tỷ,"Đường Quỳnh Xuân Quỳnh Xuân, Hoàng Mai, Nghệ An",152 m²,--,--,--,0
900 triệu,"Xã Ninh Phú, Thị xã Ninh Hòa, Khánh Hòa",108 m²,18 m,5.97 m,T.Bắc,0
2.17 tỷ,"Xã Phù Khê, Thị xã Từ Sơn, Bắc Ninh",228.60 m²,--,--,--,0
2.94 tỷ,"Nguyễn Văn Cừ, Phường Lộc Phát, TP. Bảo Lộc, Lâm Đồng",140 m²,14 m,10 m,Nam,0
1.2 tỷ,"Đường 1/5, phường 1, Bảo Lộc, Lâm Đồng",170 m²,34 m,5 m,--,0
1.15 tỷ,"Phường Hòa Hiệp Bắc, Quận Liên Chiểu, TP. Đà Nẵng",75 m²,17 m,4.49 m,Đ.Bắc,0
899 triệu,"Đường 29, Xã Phú Lộc, Huyện Krong Năng, Đăk Lăk",132 m²,22 m,6 m,--,0
1.2 tỷ,"Đường Quốc Lộ 20, Xã Tân Lạc, Huyện Bảo Lâm, Lâm Đồng",174 m²,--,--,--,0
1.89 tỷ,"Đường 1, Xã Đức Hòa Hạ, Huyện Đức Hòa, Long An",100 m²,20 m,5 m,--,0
569 triệu,"Phường Minh Long, Thị xã Chơn Thành, Bình Phước",250 m²,5 m,50 m,Đông,1
3.9 tỷ,"Đường Hùng Vương, Thị trấn Krông Năng, Huyện Krông Năng, Đắk Lắk",336 m²,56 m,6 m,--,0
19.5 tỷ,"Đường Nguyễn Trãi Nguyễn, Phường Nguyễn Cư Trinh, Quận 1, TP.HCM",166 m²,--,--,--,0
810 triệu,"Đường Tỉnh Lộ 2, Thị Trấn Khánh Vĩnh, huyện Khánh Vĩnh, Khánh Hòa",318 m²,53 m,6 m,--,0
1.5 tỷ,"Đường Đạ Sar, Xã Đạ Sar, Huyện Lạc Dương, Lâm Đồng","20,000 m²",--,--,--,0
1.4 tỷ,"Đường Trần Hưng Đạo, phường 6, Mỹ Tho, Tiền Giang",60 m²,13.8 m,3.95 m,--,0
990 triệu,"Đường Lê Lâm, phường 6, Mỹ Tho, Tiền Giang",75 m²,15 m,5 m,--,0
1.23 tỷ,"Đường 1 Diên Lạc, Diên Khánh, Khánh Hòa",100 m²,--,5 m,--,0
3.4 tỷ,"Đường F Phước Long, Nha Trang, Khánh Hòa",72 m²,--,4.5 m,--,0
1.43 tỷ,"Xã Phù Khê, Thị xã Từ Sơn, Bắc Ninh",76.80 m²,--,--,--,0
2.2 tỷ,"Đường Suối Rồng, Phường Ngọc Xuyên, Quận Đồ Sơn, TP Hải Phòng",150 m²,17 m,9 m,--,0
1.8 tỷ,"Đường Trà Khê, Phường Anh Dũng, Quận Dương Kinh, TP Hải Phòng",90 m²,19 m,5 m,--,0
890 triệu,"Đường 2 Diên Sơn, Diên Khánh, Khánh Hòa",91 m²,18 m,5 m,--,0
365 triệu,"Đường Nguyễn Tất Thành Lộc Thiện, Lộc Ninh, Bình Phước",168 m²,28 m,6 m,--,0
570 triệu,"Xã Ninh Thọ, Thị xã Ninh Hòa, Khánh Hòa",75 m²,15 m,5 m,T.Bắc,0
2.4 tỷ,"Đường Bắc Cầu, Phường Ngọc Thụy, Quận Long Biên, TP. Hà Nội",50 m²,12.3 m,3.99 m,--,1
671 triệu,"Đường 10 Mỹ Đức, An Lão, Hải Phòng",76 m²,16.5 m,4.6 m,--,0
1.99 tỷ,"Nguyễn Thị Định, Phường Cát Lái, TP. Thủ Đức, TP. Hồ Chí Minh",100 m²,--,--,--,1
1.79 tỷ,"Phường Hiệp Bình Phước, TP. Thủ Đức, TP. Hồ Chí Minh",90 m²,--,--,--,1
1.89 tỷ,"Tô Ngọc Vân, Phường Thạnh Xuân, Quận 12, TP. Hồ Chí Minh",90 m²,--,--,--,0
230 triệu,"Phường Hưng Long, Thị xã Chơn Thành, Bình Phước","3,065 m²",--,--,--,0
795 triệu,"Phường Minh Thành, Thị xã Chơn Thành, Bình Phước","1,000 m²",--,--,--,0
590 triệu,"Phường Long Phước, Thị xã Phước Long, Bình Phước","1,500 m²",--,--,--,0
350 triệu,"Phường Minh Hưng, Thị xã Chơn Thành, Bình Phước","4,500 m²",--,--,--,0
445 triệu,"Phường Minh Long, Thị xã Chơn Thành, Bình Phước","3,600 m²",--,--,--,0
1.7 tỷ,"Phường Thới Hòa, Thị xã Bến Cát, Bình Dương",224 m²,--,--,--,0
970 triệu,"Phường Thới Hòa, Thị xã Bến Cát, Bình Dương",125 m²,--,--,--,0
3.5 tỷ,"Phường Thới Hòa, Thị xã Bến Cát, Bình Dương",150 m²,--,--,--,0
920 triệu,"Phường Mỹ Phước, Thị xã Bến Cát, Bình Dương",100 m²,--,--,--,0
3.4 tỷ,"Phường Thới Hòa, Thị xã Bến Cát, Bình Dương",300 m²,30 m,10 m,--,0
800 triệu,"Phường Thới Hòa, Thị xã Bến Cát, Bình Dương",200 m²,20 m,10 m,--,0
850 triệu,"Phường Mỹ Phước, Thị xã Bến Cát, Bình Dương",300 m²,--,--,--,0
1.39 tỷ,"Phường Thới Hòa, Thị xã Bến Cát, Bình Dương",600 m²,--,--,--,0
1.4 tỷ,"Phường Thới Hòa, Thị xã Bến Cát, Bình Dương",450 m²,25 m,18 m,--,0
790 triệu,"Phường Thới Hòa, Thị xã Bến Cát, Bình Dương",100 m²,5 m,20 m,--,0
490 triệu,"Quốc lộ 14, Xã Minh Lập, Thị xã Chơn Thành, Bình Phước","1,600 m²",12 m,109 m,--,1
1.7 tỷ,"Đường Quốc Lộ 35 Sóc Sơn, huyện Sóc Sơn, Hà Nội",100 m²,20 m,5 m,--,0
6.4 tỷ,"Đường Phố Trạm Long Biên, quận Long Biên, Hà Nội",80 m²,16 m,5 m,--,0
9 tỷ,"Phường Mũi Né, TP. Phan Thiết, Bình Thuận",310 m²,--,--,--,0
2.8 tỷ,"Đường Ba Trại Cửa Dương, Phú Quốc, Kiên Giang","8,390 m²",195 m,36 m,--,0
12.1 tỷ,"Nguyễn Bỉnh Khiêm, Phường 1, Quận Gò Vấp, TP. Hồ Chí Minh",69 m²,16.5 m,4.2 m,--,1
710 triệu,"Thị trấn Bến Cầu, Bến Cầu, Tây Ninh",125 m²,--,--,--,0
1.6 tỷ,"Đường Bắc Thăng Long Hải Bối, Đông Anh, Hà Nội",43 m²,10 m,4.52 m,--,0
3.94 tỷ,"Đường Quốc lộ 27C Diên Lạc, Diên Khánh, Khánh Hòa",328 m²,--,--,--,0
1.2 tỷ,"Đường Ninh Quang-Chợ Mới, Xã Ninh Quang, Thị xã Ninh Hòa, Khánh Hòa",199 m²,28 m,7 m,Tây,0
1.55 tỷ,"Tỉnh lộ 43, Phường Bình Chiểu, TP. Thủ Đức, TP. Hồ Chí Minh",80 m²,16 m,5 m,--,0
1.6 tỷ,"Phường Mũi Né, TP. Phan Thiết, Bình Thuận",140 m²,--,--,--,0
2.25 tỷ,"Phường Quảng Hưng, TP. Thanh Hóa, Thanh Hóa",93 m²,20 m,5 m,T.Nam,1
350 triệu,"Đường Nguyễn Văn Trường Long Tuyền, Bình Thủy, Cần Thơ",45 m²,9.5 m,4.5 m,--,0
3.12 tỷ,"Thị trấn Trâu Quỳ, Huyện Gia Lâm, TP. Hà Nội",58 m²,--,--,--,0
1.6 tỷ,"32, Xã Đức Giang, Huyện Hoài Đức, TP. Hà Nội",105 m²,--,--,--,0
1.6 tỷ,"32, Xã Đức Giang, Huyện Hoài Đức, TP. Hà Nội",105 m²,--,--,--,0
1.23 tỷ,"Đường Đồng Vàng Yên Bình, Thạch Thất, Hà Nội",61 m²,12 m,5 m,--,0
2.25 tỷ,"Đường Nhơn Lý Nhơn Lý, Qui Nhơn, Bình Định",81 m²,--,--,--,0
899 triệu,"Đường ĐT 756, Xã Tân Hưng, Huyện Hớn Quản, Bình Phước",500 m²,50 m,10 m,--,0
365 triệu,"Đường Quốc Lộ 13, xã Lộc Thiện, huyện Lộc Ninh, Bình Phước",170 m²,28 m,6 m,--,0
2.2 tỷ,"Đường Hợp, Phường Hòa Anh Dũng, Quận Dương Kinh, TP.Hải Phòng",65 m²,15 m,5 m,--,0
365 triệu,"Đường Quốc Lộ 13 Lộc Thiện, Lộc Ninh, Bình Phước",170 m²,28 m,6 m,--,0
485 triệu,"Quốc lộ 13, Xã An Khương, Huyện Hớn Quản, Bình Phước",300 m²,30 m,20 m,--,1
2.1 tỷ,"Đường Tỉnh Lộ 296 Đông Xuân, Sóc Sơn, Hà Nội",150 m²,18 m,7.5 m,--,0
1.8 tỷ,"Đường Trà Khê Anh Dũng, Dương Kinh, Hải Phòng",90 m²,19 m,5 m,--,0
2.98 tỷ,"Đường Phú Mỹ, Phường Phú Mỹ, TP Thủ Dầu Một, Tỉnh Bình Dương",120 m²,--,--,--,0
17.5 tỷ,"Đường Quốc Lộ 57 Đa Phước Hội, Mỏ Cày Nam, Bến Tre","1,500 m²",--,--,--,0
4.55 tỷ,"Đường Bàu Cạn Bàu Cạn, Long Thành, Đồng Nai","1,126 m²",--,--,--,0
671 triệu,"Đường 354 Mỹ Đức, An Lão, Hải Phòng",76 m²,16.8 m,4.5 m,--,0
920 triệu,"Đường D8, Phường Tân Định, Thị xã Bến Cát, Bình Dương",120 m²,5 m,24 m,--,1
8.84 tỷ,"Phường Mũi Né, TP. Phan Thiết, Bình Thuận",421 m²,--,--,--,0
4.05 tỷ,"Xã Hưng Long, Huyện Bình Chánh, TP. Hồ Chí Minh",100 m²,20 m,5 m,--,1
3.5 tỷ,"Kênh 10, Xã Tân Nhựt, Huyện Bình Chánh, TP. Hồ Chí Minh","1,000 m²",--,--,--,1
6.8 tỷ,"Đường Quốc Lộ 3, Thị Trấn Sóc Sơn, Huyện Sóc Sơn, TP. HN",523 m²,33 m,13 m,--,0
1.5 tỷ,"Đường Sông Xoài Châu Pha, Xã Châu Pha, Thị xã Phú Mỹ, Bà Rịa - Vũng Tàu",506 m²,24.99 m,19.99 m,--,1
2.2 tỷ,"Đường Suối Rồng, Phường Ngọc Xuyên, Quận Đồ Sơn, TP. HP",126 m²,17 m,9 m,--,0
1.35 tỷ,"Đường Tỉnh Lộ 767 Vĩnh Tân, Vĩnh Cửu, Đồng Nai","1,000 m²",--,--,--,0
2 tỷ,"Đường 43, Thị trấn Mộc Châu, Huyện Mộc Châu, Sơn La",580 m²,--,--,--,0
1.72 tỷ,"Liên Phường, Phường Phước Long B, TP. Thủ Đức, TP. Hồ Chí Minh",85 m²,--,--,--,1
1.75 tỷ,"Phường Phước Long B, TP. Thủ Đức, TP. Hồ Chí Minh",100 m²,--,--,--,1
300 triệu,"Xã Đồng Tiến, Huyện Đồng Phú, Bình Phước",275 m²,5 m,55 m,Đ.Bắc,1
2.15 tỷ,"Đặng thuỳ trâm , Phường 13, Quận Bình Thạnh, TP. Hồ Chí Minh",105 m²,--,--,--,0
1.5 tỷ,"Đường Quốc lộ 18 An Sinh, Đông Triều, Quảng Ninh","2,190 m²",136 m,16 m,--,0
1.89 tỷ,"Đường số 4, Xã Vĩnh Lộc B, Huyện Bình Chánh, TP. Hồ Chí Minh",85 m²,--,--,--,0
1.79 tỷ,"Xã Tân Lân, Huyện Cần Đước, Long An",145 m²,4.5 m,33 m,--,1
370 triệu,"Phường Thành Tâm, Thị xã Chơn Thành, Bình Phước","1,700 m²",65 m,28 m,--,0
400 triệu,"Phường Minh Thành, Thị xã Chơn Thành, Bình Phước","3,600 m²",120 m,30 m,--,0
470 triệu,"Phường Minh Thành, Thị xã Chơn Thành, Bình Phước","3,150 m²",75 m,42 m,--,0
480 triệu,"Phường Hưng Long, Thị xã Chơn Thành, Bình Phước","2,291 m²",99 m,23 m,--,0
300 triệu,"Xã Minh Lập, Thị xã Chơn Thành, Bình Phước","1,296 m²",48 m,27 m,--,0
1.9 tỷ,"Đường Trường Chinh, Thị trấn Khánh Hải, Huyện Ninh Hải, Ninh Thuận",100 m²,--,--,--,0
23 tỷ,"Đường Quốc Lộ 61C, Xã Nhơn Nghĩa, Huyện Phong Điền, TP. Cần Thơ","5,174 m²",--,--,--,0
200 triệu,"Đường Quốc Lộ 6 Thu Phong, Cao Phong, Hòa Bình","7,110 m²",100 m,71.1 m,--,0
2.7 tỷ,"Đường Lê Văn Lương Tân Phong, quận 7, TPHCM",85 m²,19 m,5 m,--,0
2.4 tỷ,"Đường Tà Lài Phú Lộc, Tân Phú, Đồng Nai","2,000 m²",34 m,66 m,--,0
580 triệu,"Đường Ấp Thanh Hải Thanh Lương, Bình Long, Bình Phước",145 m²,--,--,--,0
4.5 tỷ,"Đường Bồ Đề Bồ Đề, Long Biên, Hà Nội",53 m²,10 m,5 m,--,0
1.15 tỷ,"Đường Ấp Cầu Đôi, Xã Lai Hưng, Huyện Bàu Bàng, Bình Dương",276 m²,--,--,--,0
2.2 tỷ,"Đường 6, xã Hồng Phong, huyện Nam Sách, Hải Dương",175 m²,35 m,5 m,--,0
239 triệu,"Quốc lộ 13, Xã An Khương, Huyện Hớn Quản, Bình Phước",150 m²,26 m,6 m,--,0
570 triệu,"Đường Tỉnh Lộ 853 Tân Bình, Châu Thành, Đồng Tháp",171 m²,25 m,7 m,--,0
3.8 tỷ,"Phường Hòa Phát, Quận Cẩm Lệ, TP. Đà Nẵng",180 m²,18 m,10 m,--,0
570 triệu,"Đường Tỉnh Lộ 853, xã Tân Bình, Châu Thành, Đồng Tháp",171 m²,25 m,7 m,--,0
3.85 tỷ,"Xã Phú Xuân, Huyện Tân Phú, Đồng Nai","9,170 m²",152 m,60 m,--,0
1.4 tỷ,"Đường 826, Xã Long Trạch, Huyện Cần Đước, Long An",100 m²,4.5 m,20 m,--,0
3.9 tỷ,"Đường 3/2, Phường An Thới, TP. Phú Quốc, Kiên Giang",100 m²,20 m,5 m,--,0
14.5 tỷ,"Đường 1, Phường Phú Thuận, Quận 7, TP. HCM",150 m²,--,--,--,0
2.5 tỷ,"Phường Mũi Né, TP. Phan Thiết, Bình Thuận",90 m²,--,--,--,0
800 triệu,"Đường Văn Phong, xã Châu Phong, Huyện Quế Võ, Bắc Ninh",90 m²,18 m,5 m,--,0
550 triệu,"Đường Buôn Hluk, Xã Ea Kuêh, Huyện Cư M’gar, Đắk Lắk",500 m²,--,--,--,0
1.25 tỷ,"DT 830, Xã Lương Bình, Huyện Bến Lức, Long An",75 m²,15 m,5 m,--,0
1.3 tỷ,"Đường Tỉnh Lộ 2, xãTrung Lập Hạ, Huyện Củ Chi, TP. HCM",104 m²,21 m,5 m,--,0
1.4 tỷ,"Đường Tân Phú Tây, xã Tân Phú Tây, Huyện Mỏ Cày Bắc, Bến Tre","1,255 m²",--,--,--,0
1.2 tỷ,"Phường Lộc Phát, TP. Bảo Lộc, Lâm Đồng",174 m²,--,--,--,0
3.78 tỷ,"Đường DH53, Xã Đông Bình, Bình Minh, Vĩnh Long",713 m²,49 m,15 m,--,0
880 triệu,"Phường Mỹ Phước, Thị xã Bến Cát, Bình Dương",100 m²,20 m,5 m,--,0
899 triệu,"Đường Hùng Vương, Xã Phú Lộc, Huyện Krông Năng, Đắk Lắk",132 m²,22 m,6 m,--,0
10.2 tỷ,"Xã Đắk Nia, TP. Gia Nghĩa, Đắk Nông","19,562 m²",260 m,75 m,--,0
2.55 tỷ,"Đường Đường 923, xã Mỹ Khánh, Huyện Phong Điền, TP. Cần Thơ",180 m²,40 m,4.5 m,--,0
770 triệu,"Đường Hữu Định, Xã Hữu Định, Huyện Châu Thành, Bến Tre",337 m²,--,--,--,0
2.88 tỷ,"Thị trấn Trâu Quỳ, Huyện Gia Lâm, TP. Hà Nội",56 m²,--,--,--,0
3 tỷ,"422, Xã Đức Giang, Huyện Hoài Đức, TP. Hà Nội",72 m²,--,--,--,0
2.6 tỷ,"Hẻm 287 Nguyễn Thông, Phường An Thới, Quận Bình Thuỷ, TP. Cần Thơ",100 m²,5 m,20 m,Đ.Nam,0
490 triệu,"Xã Ninh Thượng, Thị xã Ninh Hòa, Khánh Hòa","3,091 m²",10 m,10 m,Bắc,0
1.6 tỷ,"Đường Mạc Đăng Doanh Hưng Đạo, Dương Kinh, Hải Phòng",96 m²,18 m,5 m,--,0
7.2 tỷ,"Đường Xả Xuân Bắc Xuân Bắc, Xuân Lộc, Đồng Nai","10,000 m²",50 m,200 m,--,0
1.5 tỷ,"Đường Tỉnh lộ 419 Tân Xã, Thạch Thất, Hà Nội",70 m²,20 m,4.2 m,--,0
2.1 tỷ,"Đường Bùi Phổ Tân Thành, Dương Kinh, Hải Phòng",75 m²,15 m,5 m,--,0
2.48 tỷ,"Hẻm 7, Phường An Bình, Quận Ninh Kiều, TP. Cần Thơ",125 m²,5 m,25 m,T.Bắc,0
1.5 tỷ,"Đường Trung Nghĩa Hợp Đức, Đồ Sơn, Hải Phòng",90 m²,30 m,5 m,--,0
3 tỷ,"422, Xã Đức Giang, Huyện Hoài Đức, TP. Hà Nội",72 m²,--,--,--,0
1.2 tỷ,"Đường Trần Văn Mười Tân Xuân, Hóc Môn, TPHCM",60 m²,15 m,4 m,--,0
11.9 tỷ,"Đường An Sơn 23 An Sơn, Thuận An, Bình Dương","1,323 m²",49 m,27 m,--,0
1.35 tỷ,"Đường Phan Văn Hớn Hóc Môn, huyện Hóc Môn, TPHCM",137 m²,19.6 m,7 m,--,0
1.8 tỷ,"Đường DH618 Lai Uyên, Bàu Bàng, Bình Dương",265 m²,53 m,5 m,--,0
2.9 tỷ,"Đường Liên khu 5/6 Bình Hưng Hòa B, Bình Tân, TPHCM",60 m²,15 m,4 m,--,0
3.1 tỷ,"Đường Trần Thị Nhượng, phường 1, Sa Đéc, Đồng Tháp",90 m²,20 m,4.5 m,--,0
4.8 tỷ,"Đường Tô Hiến Thành Xuân Hòa, Phúc Yên, Vĩnh Phúc",198 m²,--,11 m,--,0
6.2 tỷ,"Đường 4 Linh Xuân, Thủ Đức, TPHCM",100 m²,20 m,5 m,--,0
800 triệu,"Xã Bình Chánh, Huyện Bình Chánh, TP. Hồ Chí Minh",100 m²,20 m,5 m,--,1
3.1 tỷ,"Đường Trần Thị Nhượng, Phường 1, TP Sa Đéc, Đồng Tháp",90 m²,20 m,4.5 m,--,0
1.25 tỷ,"Đường 101 Nam Lộ, Xã La Ngà, Huyện Định Quán, Đồng Nai","1,000 m²",50 m,20 m,--,0
1.85 tỷ,"Nguyễn Văn Linh, Xã Phước Kiển, Huyện Nhà Bè, TP. Hồ Chí Minh",100 m²,--,--,--,0
1.85 tỷ,"Đường số 3, Phường Linh Chiểu, TP. Thủ Đức, TP. Hồ Chí Minh",100 m²,--,--,--,0
900 triệu,"Đường Quốc Lộ 55, Xã Lộc An, Huyện Bảo Lâm, Lâm Đồng",150 m²,30 m,5 m,--,0
2.95 tỷ,"Đường 1, Xã Nhơn Lý, TP Quy Nhơn, Bình Định",100 m²,--,--,--,0
3.9 tỷ,"Đường 3/2, Phường An Thới, Thành phố Phú Quốc, Kiên Giang",100 m²,20 m,5 m,--,0
36.21 tỷ,"Đường Nguyễn Bỉnh Khiêm, Phường Vĩnh Hòa, TP Nha Trang, Khánh Hòa",213 m²,20 m,5 m,--,0
6.7 tỷ,"Đường Tỉnh Lộ 7, Xã An Nhơn Tây, Huyện Củ Chi, TPHCM","2,532 m²",60 m,42 m,--,0
1.7 tỷ,"Tỉnh lộ 158, Xã Y Tý, Huyện Bát Xát, Lào Cai",194 m²,20 m,9.7 m,--,1
1.35 tỷ,"Đường Quốc lộ 28, Xã Đăk Sôr, Huyện Krong Nô, Đăk Nông","93,000 m²",--,--,--,0
3.9 tỷ,"Đường 3/2, Phường An Thới, Thành phố Phú Quốc, Kiên Giang",100 m²,20 m,5 m,--,0
6.6 tỷ,"Đường Trung Oai, Xã Tiên Dương, Huyện Đông Anh, TP Hà Nội",82 m²,16.5 m,5 m,--,0
5.4 tỷ,"Đường Bắc Cầu, Phường Ngọc Thụy, Quận Long Biên, TP. Hà Nội",102 m²,20.4 m,5 m,--,1
900 triệu,"Đường Hùng Vương, xã Phú Lộc, huyện Krông Năng, Đăk Lăk",132 m²,22 m,6 m,--,0
1.6 tỷ,"Đường Hải Bối, Xã Hải Bối, Huyện Đông Anh, TP Hà Nội",42 m²,10 m,4 m,--,0
3.08 tỷ,"Xã Xuân Nộn, Huyện Đông Anh, TP. Hà Nội",102.60 m²,4.85 m,21.5 m,Nam,1
4.95 tỷ,"Đường đường Cao Lỗ, xã Cổ Loa, huyện Đông Anh, TP. HN",60 m²,12 m,4.92 m,--,0
950 triệu,"Đường Quốc lộ 15 Phú Hòa Đông, Củ Chi, TPHCM",85 m²,17 m,5 m,--,0
876 triệu,"Đường Tỉnh Lộ 131, xã Quang Tiến, Huyện Sóc Sơn, TP. HN",48 m²,13 m,4.5 m,--,0
1 tỷ,"Đường Phú Thạnh, Xã Phú Kiết, Chợ Gạo, Tiền Giang",239 m²,--,--,--,0
800 triệu,"Đường Tỉnh lộ 28B, Xã Sông Bình, Huyện Bắc Bình, Bình Thuận",700 m²,--,--,--,0
700 triệu,"1/QL22, Xã Thanh Phước, Huyện Gò Dầu, Tây Ninh",105 m²,5 m,21 m,--,1
1.7 tỷ,"Xã Hựu Thạnh, Huyện Đức Hòa, Long An",85 m²,17 m,5 m,--,1
2.14 tỷ,"Đường Quốc Lộ 3, Xã Mai Đình, Huyện Sóc Sơn, TP Hà Nội",48 m²,15 m,3 m,--,0
2 tỷ,"Đường 20, Xã Lộc Ngãi, Huyện Bảo Lâm, Lâm Đồng",240 m²,--,--,--,0
2.7 tỷ,"Phường Mũi Né, TP. Phan Thiết, Bình Thuận",160 m²,--,--,--,0
900 triệu,"Đường Nguyễn Văn Khạ, xã Tân An Hội, huyện Củ Chi, TP. HCM",142 m²,24 m,5 m,--,0
2 tỷ,"Đường 20, xã Lộc Ngãi, Huyện Bảo Lâm, Lâm Đồng",240 m²,--,--,--,0
2.6 tỷ,"Đường Hoà Trung, Phường Vĩnh Hoà, TP. Nha Trang, Khánh Hòa",95 m²,19 m,5 m,--,0
670 triệu,"Đường Quốc lộ 1A, Xã Tân Phú Thạnh, Huyện Châu Thành A, Hậu Giang",130 m²,22 m,6 m,--,0
6 tỷ,"Đường Phan Huy Ích, Phường 14, Quận Gò Vấp, TPHCM",76 m²,19 m,4 m,--,0
6 tỷ,"Đường Phan Huy Ích, Phường 14, Quận Gò Vấp, TPHCM",76 m²,19 m,4 m,--,0
4.1 tỷ,Đường Vườn Lài An Phú Đông,63 m²,--,--,--,0
2 tỷ,"Đường Số 277B Thụy Hòa, Yên Phong, Bắc Ninh",100 m²,20 m,5 m,--,0
2.5 tỷ,"Đường Chợ Xếp Tân Thành Bình, Mỏ Cày Bắc, Bến Tre",503 m²,--,--,--,0
12.5 tỷ,"Đường Thạnh Lộc 15 Thạnh Lộc, quận 12, TPHCM",352 m²,29 m,12 m,--,0
12.5 tỷ,"Đường Thạnh Lộc 15, Phường Thạnh Lộc, Quận 12, TPHCM",352 m²,29 m,12 m,--,0
700 triệu,"Đường Tỉnh Lộ 446 Dân Chủ, TP.Hòa Bình, Hòa Bình",170 m²,19 m,9 m,--,0
429 triệu,"Quốc Lộ 13, Xã Lộc Thạnh, Huyện Lộc Ninh, Bình Phước",150 m²,5 m,30 m,--,1
940 triệu,"Đường Mỹ Phước 3, Phường Thới Hòa, Thị xã Bến Cát, Bình Dương",240 m²,24 m,10 m,--,1
1.5 tỷ,"Hẻm Trần Nhân Tông, Phường Khánh Xuân, TP. Buôn Ma Thuột, Đắk Lắk",282 m²,28 m,10 m,T.Nam,1
215 triệu,"Đường quốc lộ 13, Xã An Khương, Huyện Hớn Quản, Bình Phước",910 m²,26 m,35 m,--,1
1.3 tỷ,"Phường 9, TP. Mỹ Tho, Tiền Giang",324 m²,27 m,12 m,--,0
689 triệu,"Đường 10, Xã Mỹ Đức, Huyện An Lão, TP Hải Phòng",64 m²,14 m,4.5 m,--,0
770 triệu,"Đường Đông Xuân, Sóc Sơn, Hà Nội",48 m²,8 m,6 m,--,0
8.15 tỷ,"Đường Lạc Long Quân Nghĩa Đô, Cầu Giấy, Hà Nội",44 m²,12.2 m,3.6 m,--,0
3.1 tỷ,"Đường Chùa Bộc Quang Trung, Đống Đa, Hà Nội",27 m²,7.2 m,3.8 m,--,0
900 triệu,"Đường 55 Tân Lạc, Bảo Lâm, Lâm Đồng",240 m²,--,--,--,0
1.1 tỷ,"Xã Hồng Phong, Huyện Bắc Bình, Bình Thuận",173 m²,--,--,--,0
17.5 tỷ,"Đường Đại Lộ Minh Hưng - Dầu Tiếng Minh Hưng, Chơn Thành, Bình Phước",250 m²,50 m,5 m,--,0
2.3 tỷ,"Đường Quốc lộ 3 Đông Hội, Đông Anh, Hà Nội",30 m²,10 m,3 m,--,0
17.5 tỷ,"Đường Đại Lộ Minh Hưng - Dầu Tiếng, Phường Minh Hưng, thị xã Chơn Thành, Bình Phước",250 m²,50 m,5 m,--,0
1.54 tỷ,"Đường Quốc lộ 3, Mai Lâm, Huyện Đông Anh, TP. HN",44 m²,11 m,4 m,--,0
1.35 tỷ,"Đường Trương Định, phường Phước Mỹ, TP Phan Rang – Tháp Chàm , tỉnh Ninh Thuận",95 m²,--,--,--,0
3.6 tỷ,"DT835, Xã Phước Lợi, Huyện Bến Lức, Long An",150 m²,--,--,--,1
950 triệu,"Đường Ea Đar, xã Ea Đar, huyện Ea Kar, Đắk Lắk",308 m²,30.8 m,10 m,--,0
11 tỷ,"Đường Thôn 1, xã Phú Văn, Huyện Bù Gia Mập, Bình Phước","9,500 m²",--,--,--,0
1.8 tỷ,"Xã Tân Lân, Huyện Cần Đước, Long An",140 m²,32 m,5 m,T.Nam,0
4.35 tỷ,"422, Xã Đức Giang, Huyện Hoài Đức, TP. Hà Nội",56 m²,--,--,--,0
1 tỷ,"Đường 14 Minh Hưng, Chơn Thành, Bình Phước",150 m²,30 m,5 m,--,0
1 tỷ,"Đường 14, Phường Minh Hưng, Thị Xã Chơn Thành, Bình Phước",150 m²,30 m,5 m,--,0
1 tỷ,"Đường 14 Minh Hưng, Chơn Thành, Bình Phước",150 m²,30 m,5 m,--,0
3.2 tỷ,"Hoàng Phan Thái, Xã Bình Chánh, Huyện Bình Chánh, TP. Hồ Chí Minh",80 m²,5 m,16 m,--,1
4.25 tỷ,"422, Xã Đức Giang, Huyện Hoài Đức, TP. Hà Nội",56 m²,--,--,--,0
350 triệu,"Đường Đại Lộ Minh Hưng - Dầu Tiếng, Minh Hưng, Chơn Thành, Bình Phước",500 m²,50 m,10 m,--,0
700 triệu,"Đường ĐT 866, Tân Lý Đông, Châu Thành, Tiền Giang",134 m²,19 m,7 m,--,0
1.25 tỷ,"Đường Quốc Lộ 20, Xã Lộc An, Huyện Bảo Lâm, Lâm Đồng",172 m²,35 m,5 m,T.Nam,1
1.2 tỷ,"Đường Hương Lộ 46 Vĩnh Trung, Nha Trang, Khánh Hòa",67 m²,6.9 m,9.6 m,--,0
850 triệu,"Đường Quốc Lộ 29, Xã Lộc Phú, Huyện Krông Năng, Tỉnh Đắk Lắk.",130 m²,--,--,--,0
25 tỷ,"Đường Lâm Viên, Đặng Xá, Huyện Gia Lâm, TP. HN",320 m²,--,13 m,--,0
17.3 tỷ,"Đường Quốc lộ 32, Thị trấn Hưng Hóa, Tam Nông, Phú Thọ",100 m²,--,--,--,0
7.5 tỷ,"Đường Cái Sao, Xã Hòa Long, Huyện Lai Vung, Đồng Tháp","24,000 m²",--,--,--,0
2.99 tỷ,"Đường Long Hưng, Long Hưng, Biên Hòa, Đồng Nai",100 m²,20 m,5 m,--,0
12.5 tỷ,"Đường Nguyễn Hoàng, Phường 7, Thành phố Đà Lạt, Lâm Đồng",643 m²,--,--,--,0
681.2 triệu,"Đường 716, Bình Hưng, TP. Phan Thiết, Bình Thuận","2,726 m²",115 m,28 m,--,0
2.9 tỷ,"Thị trấn Trâu Quỳ, Huyện Gia Lâm, TP. Hà Nội",56 m²,--,--,--,0
2.5 tỷ,"Quốc lộ 1a, Xã Hàm Đức, Huyện Hàm Thuận Bắc, Bình Thuận","2,300 m²",--,--,T.Nam,1
900 triệu,"Xã Hòa Khánh, TP. Buôn Ma Thuột, Đắk Lắk",132 m²,22 m,6 m,--,1
310 triệu,"Đường Quốc Lộ 29, Xã Ea Drông, Thị xã Buôn Hồ, Đăk Lăk",300 m²,50 m,6 m,--,0
880 triệu,"Đường 763, Xã Túc Trưng, Huyện Định Quán, Đồng Nai","1,001 m²",70 m,15 m,--,1
2.55 tỷ,"Đường 2, Xã Diên An, Huyện Diên Khánh, Khánh Hòa",150 m²,20 m,7 m,--,0
2.8 tỷ,"Xã Phước Bình, Huyện Long Thành, Đồng Nai",400 m²,40 m,10 m,--,0
1.85 tỷ,"Phường Tân Chánh Hiệp, Quận 12, TP. Hồ Chí Minh",90 m²,--,--,--,1
1.59 tỷ,"Đường số 4A, Xã Phong Phú, Huyện Bình Chánh, TP. Hồ Chí Minh",90 m²,--,--,--,0
1.7 tỷ,"Xã Hựu Thạnh, Huyện Đức Hòa, Long An",90 m²,18 m,5 m,--,1
1.15 tỷ,"Đường Bắc Hồng Bắc Hồng, Đông Anh, Hà Nội",52 m²,14 m,4 m,--,0
1.7 tỷ,"Đường Bãi Trường, Xã Dương Tơ, Thành phố Phú Quốc, Kiên Giang",143 m²,24 m,6 m,--,0
1.48 tỷ,"Đường 32 Đan Phượng, huyện Đan Phượng, Hà Nội",57 m²,14.25 m,4 m,--,0
2.65 tỷ,"Đường Hợp Hòa, Phường Anh Dũng, Quận Dương Kinh, TP Hải Phòng",100 m²,20 m,5 m,--,0
2.65 tỷ,"Đường Hợp Hòa Anh Dũng, Dương Kinh, Hải Phòng",100 m²,20 m,5 m,--,0
3.02 tỷ,"Xã Võng La, Huyện Đông Anh, TP. Hà Nội",54.50 m²,4.3 m,12.7 m,Nam,1
9.5 tỷ,"Đường Phạm Ngũ Lão, Phường Võ Cường, TP Bắc Ninh, Bắc Ninh",102 m²,--,--,--,0
899 triệu,"Đường tân lộc, Xã Phú Lộc, Huyện Krông Năng, Đắk Lắk",132 m²,22 m,6 m,Đ.Bắc,1
1.2 tỷ,"Đường Bàu Tre, Xã Tân An Hội, Huyện Củ Chi, TPHCM",346 m²,57.8 m,6 m,--,0
36 tỷ,"Đường Hoàng Cầm Bình Thắng, Dĩ An, Bình Dương","2,900 m²",--,--,--,0
2.26 tỷ,"Đường Ea Kar, Xã Ea Kmút, Huyện Ea Kar, Đăk Lăk",828 m²,28 m,29 m,--,0
3.2 tỷ,"Hoàng Phan Thái, Xã Bình Chánh, Huyện Bình Chánh, TP. Hồ Chí Minh",80 m²,16 m,5 m,--,1
800 triệu,"Đinh Đức Thiện, Xã Bình Chánh, Huyện Bình Chánh, TP. Hồ Chí Minh",100 m²,5 m,20 m,--,1
987 triệu,"Đường Tỉnh Lộ 35, Xã Hồng Kỳ, Huyện Sóc Sơn, TP Hà Nội",90 m²,14 m,7.4 m,--,0
1.75 tỷ,"Đường Hoàng Hoa Thám, Phường Hiệp Thành, TP. Thủ Dầu Một, Bình Dương",100 m²,--,--,--,1
550 triệu,"Đường Ấp 7 Vị Tân, Vị Thanh, Hậu Giang",522 m²,--,--,--,0
2.2 tỷ,"Đường Hợp Hòa Anh Dũng, Dương Kinh, Hải Phòng",65 m²,15 m,5 m,--,0
1.1 tỷ,"Phường Mũi Né, TP. Phan Thiết, Bình Thuận",253 m²,--,--,--,0
1.2 tỷ,"Thôn 5, Đường Quốc Lộ 20, Xã Lộc An, Huyện Bảo Lâm, Lâm Đồng",138 m²,29 m,5 m,T.Nam,1
3.65 tỷ,"Đường Cách Mạng Tháng Tám, Phường Hòa Bình, TP. Biên Hòa, Đồng Nai",64 m²,--,4.7 m,--,0
899 triệu,"Hùng Vương, Thị trấn Krông Năng, Huyện Krông Năng, Đắk Lắk",132 m²,22 m,6 m,--,1
1.75 tỷ,"Đường Quốc lộ 26B Ninh Diêm, Ninh Hòa, Khánh Hòa",127 m²,21 m,6 m,--,0
5.5 tỷ,"Đường Quốc Lộ 13, Xã Lộc An, Huyện Lộc Ninh, Bình Phước","11,300 m²",100 m,113 m,--,0
3 tỷ,"Đường Sông Bình, Xã Sông Bình, Huyện Chợ Gạo, Tiền Giang","1,730 m²",--,--,--,0
2.52 tỷ,"Đường Đinh Bộ Lĩnh, xã Long Đức, huyện Long Thành, tỉnh Đồng Nai",210 m²,--,--,--,0
1.5 tỷ,"Đường Quốc lộ 18, xã An Sinh, Thị xã Đông Triều, Quảng Ninh","2,190 m²",136 m,16 m,--,0
11.9 tỷ,"Đường Trần Quốc Vượng, Phường Dịch Vọng Hậu, Quận Cầu Giấy, TP. HN",136 m²,16 m,8.6 m,--,0
110 tỷ,"Đường Số 9, Phường Linh Tây, TP Thủ Đức, TPHCM","2,156 m²",48 m,45 m,--,0
450 triệu,"Đường KM 19, Xã Ea Knuec, Huyện Krong Pắc, Đăk Lăk",108 m²,22 m,5 m,--,0
1 tỷ,"Đường Tỉnh lộ 420 Liên Quan, Thạch Thất, Hà Nội",225 m²,22 m,10 m,--,0
1.48 tỷ,"Đường Quốc Lộ 3 Tiên Dược, Sóc Sơn, Hà Nội",82 m²,20 m,4 m,--,0
2.35 tỷ,"Đường Tỉnh Lộ 2, Sông Cầu, Khánh Vĩnh, Khánh Hòa",761 m²,36 m,21 m,--,0
4.5 tỷ,"Đường Số 17, Phường Hiệp Bình Chánh, TP Thủ Đức, TPHCM",55 m²,14 m,4 m,--,0
3.67 tỷ,"Đường Minh Hưng, Phường Minh Hưng, Thị Xã Chơn Thành, Bình Phước","2,805 m²",--,--,--,0
3.9 tỷ,"Nguyễn Văn Tăng, Phường Long Thạnh Mỹ, TP. Thủ Đức, TP. Hồ Chí Minh",96 m²,16 m,6 m,--,1
2 tỷ,"Đường 20, Xã Lộc Ngãi, Huyện Bảo Lâm, Lâm Đồng",240 m²,--,--,--,0
3 tỷ,"Đường Đại Trạch, Xã Đại Trạch, Huyện Bố Trạch, Quảng Bình","1,414 m²",--,--,--,0
2 tỷ,"Đường 20 Lộc Ngãi, Bảo Lâm, Lâm Đồng",240 m²,--,--,--,0
5.45 tỷ,"Đường Bắc Cầu, Phường Ngọc Thụy, Quận Long Biên, TP. Hà Nội",160 m²,--,--,--,0
5.8 tỷ,"Phan Huy Ích, Phường 14, Quận Gò Vấp, TP. Hồ Chí Minh",62 m²,15.4 m,4 m,--,1
400 triệu,"Đường Ấp Vàm Kinh Tân Thành, Gò Công Đông, Tiền Giang","2,000 m²",--,--,--,0
669 triệu,"Đường liên xã, Xã Lộc Thạnh, Huyện Lộc Ninh, Bình Phước",300 m²,25 m,12 m,--,1
688 triệu,"Đường 354 Mỹ Đức, An Lão, Hải Phòng",61 m²,15.25 m,4 m,--,0
900 triệu,"Xã Liên Mạc, Huyện Mê Linh, TP. Hà Nội",132 m²,22 m,6 m,--,1
350 triệu,"Đường Đại Lộ Minh Hưng - Dầu Tiếng, Phường Minh Hưng, Thị Xã Chơn Thành, Bình Phước",500 m²,50 m,10 m,--,0
1 tỷ,"Đường Ngô Xá Phật Tích, Tiên Du, Bắc Ninh",80 m²,16 m,5 m,--,0
1.8 tỷ,"Xã Tân Lân, Huyện Cần Đước, Long An",145 m²,33 m,4.4 m,--,0
450 triệu,"Xã Tân Hưng, Huyện Đồng Phú, Bình Phước","1,131 m²",100 m,10 m,--,1
3.6 tỷ,"Xã Hòa Thắng, Huyện Bắc Bình, Bình Thuận","1,700 m²",--,--,--,0
2 tỷ,"Đường Nguyễn Minh Châu Mũi Né, Phan Thiết, Bình Thuận",140 m²,22 m,6 m,--,0
1.8 tỷ,"Xã Hựu Thạnh, Huyện Đức Hòa, Long An",90 m²,18 m,5 m,--,1
7.9 tỷ,"Phường Mộ Lao, Quận Hà Đông, TP. Hà Nội",60 m²,--,--,--,0
1.95 tỷ,"Đường quốc lộ 3 Đông Anh, huyện Đông Anh, Hà Nội",89 m²,19 m,4.42 m,--,0
7.2 tỷ,"Đường Xả Xuân Bắc Xuân Bắc, Xuân Lộc, Đồng Nai","10,000 m²",50 m,200 m,--,0
8.4 tỷ,"Đường Xuyên Á Tân Phú Trung, Củ Chi, TPHCM",257 m²,57.4 m,10 m,--,0
900 triệu,"Đường Hùng Vương Phú Lộc, Krong Năng, DakLak",132 m²,22 m,6 m,--,0
6.7 tỷ,"Đường Tỉnh Lộ 7 An Nhơn Tây, Củ Chi, TPHCM","2,532 m²",60 m,42 m,--,0
900 triệu,"Đường Lạc Long Quân Bạch Đằng, Hai Bà Trưng, Hà Nội",132 m²,22 m,6 m,--,0
7.9 tỷ,"Phường Mộ Lao, Quận Hà Đông, TP. Hà Nội",60 m²,--,--,--,0
900 triệu,"Đường Hùng Vương, xã Phú Lộc, Huyện Krông Năng, Đắk Lắk",132 m²,22 m,6 m,--,0
1.65 tỷ,"Đường 823, Xã Đức Lập Thượng, Huyện Đức Hòa, Long An",100 m²,20 m,5 m,Đ.Bắc,1
549 triệu,"Phường Minh Long, Thị xã Chơn Thành, Bình Phước",250 m²,5 m,50 m,Đông,1
720 triệu,"Đường Khánh Phú, Xã Khánh Phú, Huyện Khánh Vĩnh, Khánh Hòa","2,173 m²",--,--,--,0
1.05 tỷ,"Đường Số 19, Xã Thuận An, Huyện Đắk Mil, Đắk Nông",317 m²,--,--,--,0
1.15 tỷ,"Đường TDP Số 5, Thị trấn Thịnh Long, Huyện Hải Hậu, Nam Định",120 m²,--,--,--,0
2.25 tỷ,"Đường Đồng Khởi, Phường 9, TP. Trà Vinh, Trà Vinh",360 m²,60 m,6 m,--,0
620 triệu,"Đường Ấp Miễu Hội, Xã Thạnh Phú, Huyện Châu Thành, Tiền Giang",158 m²,--,--,--,0
180 tỷ,"Đường Quốc Lộ 1A, Phường Thới An, Quận 12, TP. HCM","4,200 m²",100 m,42 m,--,0
200 tỷ,"Đường Quốc Lộ 1A, Phường Thạnh Xuân, Quận 12, TP. HCM","7,260 m²",150 m,40 m,--,0
1.95 tỷ,"Đường Thanh Am, Thượng Thanh, Long Biên, Hà Nội",54 m²,11 m,4.5 m,--,0
2.32 tỷ,"Đường 18A Dĩnh Trì, TP.Bắc Giang, Bắc Giang",75 m²,15 m,5 m,--,0
1.5 tỷ,"Thị trấn Kiến Xương, Huyện Kiến Xương, Thái Bình",102 m²,20 m,5 m,Đông,1
9.55 tỷ,"Phường Ninh Thủy, Thị xã Ninh Hòa, Khánh Hòa",308 m²,16 m,19 m,Đông,0
3 tỷ,"Đường Tỉnh lộ 419, Xã Đại Yên, Huyện Chương Mỹ, TP Hà Nội",140 m²,18 m,8 m,--,0
2.08 tỷ,"Đường Quốc Lộ 55, Xã Suối Kiết, Huyện Tánh Linh, Bình Thuận",450 m²,40 m,15 m,--,0
4.35 tỷ,"Đường Nâm NJang, Xã Nâm NJang, Huyện Đắk Song, Đăk Nông","20,512 m²",--,--,--,0
1.25 tỷ,"Đường 101 Nam Lộ, Xã La Ngà, Huyện Định Quán, Đồng Nai","1,000 m²",50 m,20 m,--,0
790 triệu,"Đường Ấp Thân Đạo, Xã Thân Cửu Nghĩa, Huyện Châu Thành, Tiền Giang",182 m²,--,5 m,--,0
2.48 tỷ,"Đường Tân Phú, Phường Tân Phú, TP Đồng Xoài, Bình Phước",120 m²,24 m,5 m,--,0
550 triệu,"Đường ĐT 870, Xã Phước Thạnh, TP Mỹ Tho, Tiền Giang",96 m²,--,--,--,0
350 triệu,"Đường Đại Lộ Minh Hưng - Dầu Tiếng, Phường Minh Hưng, Thị xã Chơn Thành, Bình Phước",500 m²,50 m,10 m,--,0
235 triệu,"Đường Quảng Tiến, Xã Quảng Tiến, Huyện Cư Mgar, Đăk Lăk",550 m²,--,--,--,0
3.85 tỷ,"Phố Trung Kính, Phường Trung Hoà, Quận Cầu Giấy, TP. Hà Nội",34 m²,--,--,--,0
855 triệu,"Đường Hòa Thuận, Xã Hòa Thuận. TP Buôn Ma Thuột, Đăk Lắk",177 m²,35 m,5 m,--,0
4.5 tỷ,"Đường HL 13, Xã Tân Tây, Huyện Gò Công Đông, Tiền Giang","5,300 m²",--,--,--,0
350 triệu,"Đường Đại Lộ Minh Hưng - Dầu Tiếng, Phường Minh Hưng, Thị xã Chơn Thành, Bình Phước",500 m²,50 m,10 m,--,0
1.2 tỷ,"Đường 18, Xã Ngọc Xá, Huyện Quế Võ, Bắc Ninh",81 m²,16 m,5 m,--,0
1.75 tỷ,"Quốc Lộ 1A, Xã Hồng Liêm, Huyện Hàm Thuận Bắc, Bình Thuận","7,000 m²",120 m,45 m,--,1
4.03 tỷ,"DT716, Xã Hòa Thắng, Huyện Bắc Bình, Bình Thuận","11,504 m²",50 m,139.99 m,--,1
1.45 tỷ,"Đường 14, Xã Cư Bao, Thị xã Buôn Hồ, Đăk Lăk","3,000 m²",104 m,20 m,--,0
689 triệu,"Đường 362, Xã Mỹ Đức, Huyện An Lão, TP Hải Phòng",60 m²,14 m,4.5 m,--,0
750 triệu,"Đường Thạnh Đức, Xã Thạnh Đức, Huyện Gò Dầu, Tây Ninh",222 m²,--,--,--,0
7.5 tỷ,"Đường Nguyễn Thị Rành, Xã An Nhơn Tây, Huyện Củ Chi, TPHCM",763 m²,75 m,10 m,--,0
850 triệu,"Đường D8, Phường Tân Định, Thị xã Bến Cát, Bình Dương",100 m²,5 m,20 m,--,1
1.5 tỷ,"Đường Quốc lộ 18, Xã An Sinh, Thị xã Đông Triều, Quảng Ninh","2,190 m²",136 m,16 m,--,0
1.65 tỷ,"Phường Mỹ Xuân, Thị xã Phú Mỹ, Bà Rịa - Vũng Tàu",510 m²,30 m,17 m,--,1
900 triệu,"Đường 19/12, Phường Cửa Nam, Quận Hoàn Kiếm, TP Hà Nội",132 m²,22 m,6 m,--,0
2.8 tỷ,"Xã Gia Kiệm, Huyện Thống Nhất, Đồng Nai",360 m²,30 m,12 m,--,1
2.08 tỷ,"Đường Quốc Lộ 55, Xã Suối Kiết, Huyện Tánh Linh, Bình Thuận",450 m²,40 m,15 m,--,0
600 triệu,"Đường Tỉnh lộ 305, xã Hướng Đạo, Huyện Tam Dương, Vĩnh Phúc",125 m²,21 m,5 m,--,0
8.7 tỷ,"Đường D6, Phường Thuận Giao, TP Thuận An, Bình Dương",350 m²,35 m,10 m,--,0
2.7 tỷ,"Xã Hồng Phong, Huyện Bắc Bình, Bình Thuận",645 m²,--,--,--,0
550 triệu,"Xã Phước Tín, Thị xã Phước Long, Bình Phước",110 m²,6 m,18 m,--,1
1.45 tỷ,"Phường Thới Hòa, Thị xã Bến Cát, Bình Dương",150 m²,30 m,5 m,--,1
1.2 tỷ,"Xã Phước Thể, Huyện Tuy Phong, Bình Thuận",100 m²,5 m,19.99 m,Đông,1
2 tỷ,"Đường Thịnh Đán, phường Thịnh Đán, thành phố Thái Nguyên, tỉnh Thái Nguyên",189 m²,18.9 m,10 m,--,0
1.25 tỷ,"Đường Quốc lộ 48, Xã Nghĩa Mỹ, Thị xã Thái Hòa, Nghệ An",208 m²,--,--,--,0
2 tỷ,"Đường 20, Xã Lộc Ngãi, Huyện Bảo Lâm, Lâm Đồng",240 m²,--,--,--,0
650 triệu,"Thị trấn Đức Phong, Huyện Bù Đăng, Bình Phước",600 m²,25 m,24 m,Đông,1
2 tỷ,"Đường 20, xã Lộc Ngãi, Huyện Bảo Lâm, Lâm Đồng",240 m²,--,--,--,0
2.2 tỷ,"Trần Phú, Xã Sông Xoài, Thị xã Phú Mỹ, Bà Rịa - Vũng Tàu",202 m²,40.5 m,5 m,Đ.Bắc,1
2 tỷ,"Đường 20 Lộc Ngãi, Bảo Lâm, Lâm Đồng",240 m²,--,--,--,0
28 tỷ,"Nguyễn Xiển, Phường Long Thạnh Mỹ, TP. Thủ Đức, TP. Hồ Chí Minh",900 m²,100 m,90 m,--,1
40 tỷ,"Lạc Long Quân, Phường 1, Quận 11, TP. Hồ Chí Minh",450 m²,15 m,30 m,--,1
819 triệu,"Phường Minh Long, Thị xã Chơn Thành, Bình Phước",250 m²,5 m,50 m,Đông,1
44.5 tỷ,"Đường Hoàng Cầu, Phường Ô Chợ Dừa, Quận Đống Đa, TP. HN",150 m²,22 m,7 m,--,0
44.5 tỷ,"Đường Hoàng Cầu Ô Chợ Dừa, Đống Đa, Hà Nội",150 m²,22 m,7 m,--,0
1.8 tỷ,"Đường Cày Tân Hòa, TP.Vĩnh Long, Vĩnh Long",500 m²,50 m,10 m,--,0
1.3 tỷ,"Đường 1/5, Phường 1, TP Bảo Lộc, Lâm Đồng",170 m²,34 m,5 m,--,0
4.2 tỷ,"Đường Nguyễn An Ninh, Xã Đam Bri, TP Bảo Lộc, Lâm Đồng","1,200 m²",40 m,30 m,--,0
6.2 tỷ,"Đường Quốc lộ 1A, Xã Vĩnh Lương, TP Nha Trang, Khánh Hòa",830 m²,35 m,12 m,--,0
1.1 tỷ,"Đường Ngọc Xá, Quế Võ, Bắc Ninh",80 m²,16 m,5 m,--,0
430 triệu,"Đường 8, Xã Khánh Nam, Huyện Khánh Vĩnh, Khánh Hòa",104 m²,21 m,5 m,--,0
4.2 tỷ,"Lý Nam Đế, Phường Kim Long, TP. Huế, Thừa Thiên Huế",176 m²,34 m,4.99 m,Đ.Bắc,0
6.2 tỷ,"Đường Quốc lộ 1A, Xã Vĩnh Lương. Tp Nha Trang, Khánh Hòa",830 m²,35 m,12 m,--,0
9.7 tỷ,"Phường Mũi Né, TP. Phan Thiết, Bình Thuận",969.90 m²,--,--,--,0
3.9 tỷ,"Xã Xuân Trường, TP. Đà Lạt, Lâm Đồng","1,136 m²",--,--,--,0
3.3 tỷ,"Xã Đan Phượng, Huyện Lâm Hà, Lâm Đồng","9,317 m²",40 m,230 m,--,0
3.8 tỷ,"Xã Trạm Hành, TP. Đà Lạt, Lâm Đồng","1,136 m²",30 m,38 m,--,0
9 tỷ,"Đường Cổ Linh, Phường Long Biên, Quận Long Biên, TP Hà Nội",75 m²,15 m,5 m,--,0
1.2 tỷ,"Liên xã, Xã Trung Nam, Huyện Vĩnh Linh, Quảng Trị",371 m²,12 m,30 m,T.Nam,1
550 triệu,"Ql14c, Xã Lộc Thành, Huyện Lộc Ninh, Bình Phước",250 m²,50 m,5 m,--,0
1.16 tỷ,"Xã Hương Mạc, Thị xã Từ Sơn, Bắc Ninh",56 m²,--,--,--,0
950 triệu,"Xã Tân Lân, Huyện Cần Đước, Long An",100 m²,20 m,5 m,--,0
5.56 tỷ,"Phường Tân Bình, TP. Dĩ An, Bình Dương",345 m²,--,--,--,0
1.99 tỷ,"Lê Văn Lương, Phường Tân Phong, Quận 7, TP. Hồ Chí Minh",86 m²,--,--,--,1
1.89 tỷ,"Cây Keo, Phường Tam Phú, TP. Thủ Đức, TP. Hồ Chí Minh",82 m²,--,--,--,0
240 tỷ,"Đường Lê Lợi, Phường Hoà Phú, TP. Thủ Dầu Một, Bình Dương","17,741 m²",200 m,88 m,--,1
4.75 tỷ,"Đường Thạch Bàn, Phường Thạch Bàn, Quận Long Biên, TP. HN",40 m²,10 m,4 m,--,0
2.1 tỷ,"Đường 1 An Bình, Biên Hòa, Đồng Nai",175 m²,29 m,6 m,--,0
7.2 tỷ,"Đường Xả Xuân Bắc Xuân Bắc, Xuân Lộc, Đồng Nai","10,000 m²",50 m,200 m,--,0
5.1 tỷ,"Đường Tỉnh Lộ 768 Vĩnh An, Vĩnh Cửu, Đồng Nai",914 m²,64 m,15 m,--,0
239 triệu,"Đường Ea Tul, huyện Cư Mgar, tỉnh Đắk Lắk.","1,014 m²",78 m,13 m,--,0
299 triệu,"Xã Nghĩa Lâm, Huyện Tư Nghĩa, Quảng Ngãi",120 m²,25 m,5 m,Đ.Nam,1
1.78 tỷ,"Đường Ngã Am An Hòa, Sa Đéc, Đồng Tháp",143 m²,21 m,7 m,--,0
1.78 tỷ,"Đường Ngã Am An Hòa, Sa Đéc, Đồng Tháp",143 m²,21 m,7 m,--,0
1.85 tỷ,"Phường Phú Lợi, TP. Thủ Dầu Một, Bình Dương",70 m²,14 m,5 m,Đông,1
2.6 tỷ,"Xã Ninh Tây, Thị xã Ninh Hòa, Khánh Hòa","25,000 m²",100 m,100 m,T.Bắc,0
2.5 tỷ,"Đường Phúc Lợi, Phường Phúc Lợi, Quận Long Biên, TP Hà Nội",46 m²,11 m,4.5 m,--,0
900 triệu,"Đường Hồ Chí Minh, Xã An Bình, Huyện Lạc Thủy, Hòa Bình","2,479 m²",100 m,24.79 m,--,0
1.65 tỷ,"Đường Quốc lộ 47, Phường Quảng Thịnh, TP Thanh Hóa, Thanh Hóa",120 m²,24 m,5 m,--,0
1.48 tỷ,"Đường Phạm Văn Đồng, Phường Tân Thành, Quận Dương Kinh, TP Hải Phòng",76 m²,17 m,4 m,--,0
1.07 tỷ,"Đường Bãi Tiên Tân Hồng Hà, Đan Phượng, Hà Nội",43 m²,--,--,--,0
4 tỷ,"Đường Phan Huy Ích, Phường 12, Quận Gò Vấp, TPHCM",55 m²,13.5 m,4.1 m,--,0
899 triệu,"Đường Hùng Vương Phú Lộc, Krong Năng, ĐakLak",132 m²,22 m,6 m,--,0
899 triệu,"Đường Hùng Vương, Xã Phú Lộc, Huyện Krong Năng, Đăk Lăk",132 m²,22 m,6 m,--,0
1.65 tỷ,"DT 741, Xã Vĩnh Hòa, Huyện Phú Giáo, Bình Dương",334 m²,48 m,7 m,--,0
1.35 tỷ,"Đường Đại Thắng Hòa Nghĩa, Dương Kinh, Hải Phòng",62 m²,9 m,7 m,--,0
1 tỷ,"Xã Hàm Thắng, Huyện Hàm Thuận Bắc, Bình Thuận",246 m²,--,--,--,0
679 triệu,"Đường ĐT 757 Tân Hưng, Hớn Quản, Bình Phước",250 m²,50 m,5 m,--,0
1.89 tỷ,"Đường Quốc Lộ 3, Xã Nguyên Khê, Huyện Đông Anh, TP. Hà Nội",57 m²,16 m,4.1 m,Nam,1
750 triệu,"Đường Quốc lộ 1A, Xã Lộc Hòa, Huyện Long Hồ, Vĩnh Long",141 m²,--,--,--,0
1.15 tỷ,"Quốc Lộ 55, Xã Láng Dài, Huyện Đất Đỏ, Bà Rịa - Vũng Tàu",250 m²,60 m,5 m,--,1
2.32 tỷ,"Xã Xuân Nộn, Huyện Đông Anh, TP. Hà Nội",72.40 m²,17 m,4.2 m,Nam,1
2 tỷ,"Đường Đồng Văn Dẫn, Thị trấn Thạnh Phú, Huyện Thạnh Phú, Bến Tre",107 m²,21.3 m,5 m,--,1
1.85 tỷ,"Đường 38 Trác Văn, Duy Tiên, Hà Nam",217 m²,11 m,20 m,--,0
3.75 tỷ,"Bùi Tấn Diên, Phường Hòa Minh, Quận Liên Chiểu, TP. Đà Nẵng",100 m²,20 m,5 m,--,0
2.19 tỷ,"Nguyễn Hoàng, Phường Đông Lương, TP. Đông Hà, Quảng Trị",167 m²,20 m,8 m,Đ.Bắc,1
526.4 triệu,"Xã Điện Phong, Thị xã Điện Bàn, Quảng Nam",94 m²,--,--,--,0
910 triệu,"Đường Tỉnh Lộ 131, Xã Quang Tiến, Huyện Sóc Sơn, TP Hà Nội",77 m²,16 m,4.3 m,--,0
3.2 tỷ,"Phường Mũi Né, TP. Phan Thiết, Bình Thuận",117.80 m²,--,--,--,0
899 triệu,"Đường Hùng Vương Phú Lộc, Krong Năng, DakLak",132 m²,22 m,6 m,--,0
899 triệu,"Đường Lộc Tân, Xã Phú Lộc, Huyện Krông Năng, Đắk Lắk",132 m²,6 m,22 m,Đông,1
2.5 tỷ,"Đường BLao Xe Re, Xã Lộc Châu, TP. Bảo Lộc, Lâm Đồng","2,140 m²",50 m,43 m,--,1
2.55 tỷ,"Đường 2 Diên Thọ, Diên Khánh, Khánh Hòa",610 m²,61 m,10 m,--,0
899 triệu,"Đường Hùng Vương, Xã Phú Lộc, Huyện Krong Năng, Đăk Lăk",132 m²,22 m,6 m,--,0
900 triệu,"Hùng Vương, Xã Phú Lộc, Huyện Krông Năng, Đắk Lắk",132 m²,22 m,6 m,--,0
790 triệu,"Đường 2/8, Xã Khánh Đông, Huyện Khánh Vĩnh, Khánh Hòa",420 m²,84 m,0.5 m,--,0
2.28 tỷ,"Đường 1, Xã Vĩnh Thái, TP Nha Trang, Khánh Hòa",147 m²,29 m,5 m,--,0
42 tỷ,"Đường Tân Thới Hiệp 21 Tân Thới Hiệp, quận 12, TPHCM","1,232 m²",61 m,20 m,--,0
1.35 tỷ,"Đường Tỉnh Lộ 296 Đông Xuân, Sóc Sơn, Hà Nội",77 m²,17 m,4.5 m,--,0
1.8 tỷ,"Đường Hoàng Hoa Thám Tân Sỏi, Yên Thế, Bắc Giang",521 m²,25 m,20 m,--,0
670 triệu,"Đường 38 Hòa Mạc, Duy Tiên, Hà Nam",71 m²,15.1 m,4.7 m,--,0
5.28 tỷ,"Đường Liên Xã, Xã Cần Kiệm, Huyện Thạch Thất, TP. Hà Nội",220 m²,17 m,13 m,Đ.Nam,1
1.23 tỷ,"Đường 37, Xã Tân Lập, Huyện Mộc Châu, Sơn La",550 m²,--,--,--,0
3.4 tỷ,"Xã Hựu Thạnh, Huyện Đức Hòa, Long An",90 m²,18 m,5 m,--,1
1.23 tỷ,"Xã Chà Là, Huyện Dương Minh Châu, Tây Ninh",150 m²,5 m,29.99 m,--,1
1.67 tỷ,"Đường quốc lộ 3 Đông Anh, huyện Đông Anh, Hà Nội",64 m²,15 m,4.28 m,--,0
960 triệu,"Đường 10 Suối Tiên, Diên Khánh, Khánh Hòa",100 m²,20 m,5 m,--,0
900 triệu,"Đường Quốc Lộ 55 Lộc An, Bảo Lâm, Lâm Đồng",150 m²,30 m,5 m,--,0
105 tỷ,"Đường Nguyễn Văn Quá Đông Hưng Thuận, quận 12, TPHCM","1,102 m²",49 m,11 m,--,0
2.5 tỷ,"Đường Nguyễn Long, ấp An Khương, Xã An Thạnh Thủy, Huyện Chợ Gạo, Tiền Giang","1,300 m²",--,--,--,1
900 triệu,"Đường Quốc Lộ 55, Xã Lộc An, Huyện Bảo Lâm, Lâm Đồng",150 m²,30 m,5 m,--,0
105 tỷ,"Đường Nguyễn Văn Quá, Phường Đông Hưng Thuận, Quận 12, TPHCM","1,102 m²",49 m,11 m,--,0
8.5 tỷ,"Đường Hoàng Văn Thái Khương Trung, Thanh Xuân, Hà Nội",50 m²,10 m,5.4 m,--,0
1.9 tỷ,"Đường Tỉnh lộ 8 Củ Chi, huyện Củ Chi, TPHCM",556 m²,46 m,12 m,--,0
630 triệu,"Phường 11, Cao Lãnh, Đồng Tháp",156 m²,--,--,--,0
550 triệu,"Phường Chánh Phú Hòa, Thị xã Bến Cát, Bình Dương",100 m²,54.7 m,10 m,--,1
3.3 tỷ,"Đường Ngọc Xuyên Ngọc Hải, Đồ Sơn, Hải Phòng",146 m²,20 m,6 m,--,0
1.9 tỷ,"Đường Tỉnh Lộ 8, Thị trấn Củ Chi, Huyện Củ Chi, TPHCM",556 m²,46 m,12 m,--,0
42 tỷ,"Xã Đất Cuốc, Huyện Bắc Tân Uyên, Bình Dương","10,000 m²",20 m,500 m,--,0
1.72 tỷ,"Xã Tây Phong, Huyện Cao Phong, Hoà Bình","1,883 m²",60 m,30 m,--,1
6 tỷ,"Đường Ngọc Xuyên Ngọc Hải, Đồ Sơn, Hải Phòng",825 m²,40 m,21 m,--,0
3.8 tỷ,"Đường Nguyễn Tất Thành Long Hải, Long Điền, Bà Rịa - Vũng Tàu",140 m²,24 m,6 m,--,0
1.5 tỷ,"Đường Quốc lộ 18 An Sinh, Đông Triều, Quảng Ninh","2,190 m²",136 m,16 m,--,0
15.6 tỷ,"Đường Bùi Hữu Nghĩa, Phường Bửu Hòa, TP. Biên Hòa, Đồng Nai","3,900 m²",48 m,32 m,--,1
1.1 tỷ,"Xã Hra, Huyện Mang Yang, Gia Lai","1,110 m²",19 m,52 m,--,1
750 triệu,"Phường Mũi Né, TP. Phan Thiết, Bình Thuận",120 m²,--,--,--,0
400 triệu,"Thị trấn KBang, Huyện KBang, Gia Lai","1,286 m²",72 m,18 m,--,0
600 triệu,"Đường Ngọc Trai 1-18, Xã Hướng Đạo, Huyện Tam Dương, Vĩnh Phúc",125 m²,21 m,5 m,--,0
600 triệu,"Đường Ngọc Trai 1-18, Xã Hướng Đạo, Huyện Tam Dương, Vĩnh Phúc",125 m²,21 m,5 m,--,0
699 triệu,"Xã Ia Glai, Huyện Chư Sê, Gia Lai","1,852 m²",69 m,28 m,--,0
660 triệu,"Phường Chi Lăng, TP. Pleiku, Gia Lai",300 m²,50 m,6 m,--,1
476 triệu,"Xã Tân Hương, Huyện Châu Thành, Tiền Giang",95 m²,19 m,5 m,--,1
600 triệu,"Đường Tỉnh lộ 305 Hướng Đạo, Tam Dương, Vĩnh Phúc",125 m²,21 m,5 m,--,0
570 triệu,"Phường Chi Lăng, TP. Pleiku, Gia Lai",300 m²,50 m,6 m,--,1
2.15 tỷ,"Lê Cơ, Phường An Lạc, Quận Bình Tân, TP. Hồ Chí Minh",85 m²,--,--,--,1
1.3 tỷ,"Đường Số 1 Đông Thành, Đức Huệ, Long An",100 m²,--,--,--,0
1.55 tỷ,"An Phú Tây, Xã Quy Đức, Huyện Bình Chánh, TP. Hồ Chí Minh",87 m²,--,--,--,0
3.48 tỷ,"Đường Võ Thị Sáu, Xã Long Đức, Huyện Long Thành, Đồng Nai",120 m²,20 m,6 m,Đông,1
1.7 tỷ,"Xã Nhơn Đức, Huyện Nhà Bè, TP. Hồ Chí Minh",80 m²,16 m,5 m,--,1
11.5 tỷ,"Đường Hoàng Hoa Thám, Phường 10, TP. Đà Lạt, Lâm Đồng",310 m²,--,--,T.Nam,0
269 triệu,"Xã Phước Tín, Thị xã Phước Long, Bình Phước",108 m²,6 m,18 m,Đông,1
2.7 tỷ,"Đường Lê Hồng Phong Phú Thọ, Thủ Dầu Một, Bình Dương",90 m²,--,--,--,0
1.73 tỷ,"Đường Quốc lộ 27 Ea Tiêu, Cư Kuin, DakLak","4,200 m²",--,--,--,0
6.6 tỷ,"Đường Khương Trung Hạ Đình, Thanh Xuân, Hà Nội",45 m²,10.9 m,4.7 m,--,0
12 tỷ,"Đường Hương Lộ 62, Xã Khánh Phú, Huyện Khánh Vĩnh, Khánh Hòa","60,000 m²",6000 m,100 m,--,0
3 tỷ,"Đường 34, Xã Yên Định, Huyện Bắc Mê, Hà Giang","15,000 m²",100 m,150 m,--,0
4.6 tỷ,"Đường 16, Xã Lộc Thành, Huyện Bảo Lâm, Lâm Đồng","2,520 m²",30 m,90 m,--,0
3.8 tỷ,"Đường Liên khu 4-5, Phường Bình Hưng Hòa B, Quận Bình Tân, TPHCM",80 m²,18 m,4 m,--,0
5.35 tỷ,"Xã Tân Trạch, Huyện Cần Đước, Long An",700 m²,11.5 m,60 m,--,1
3.3 tỷ,"Đường Ngọc Xuyên, Phường Ngọc Hải, Quận Đồ Sơn, TP Hải Phòng",146 m²,20 m,6 m,--,0
3.1 tỷ,"Đường Tu Hoàng, Phường Xuân Phương, Quận Nam Từ Liêm, TP Hà Nội",31 m²,96 m,6.4 m,--,0
1.15 tỷ,"Đường Quốc lộ 1A , Phường Xuân Tân, TP Long Khánh, Đồng Nai",126 m²,22 m,5.4 m,--,0
4.95 tỷ,"Xã Tân Kiên, Huyện Bình Chánh, TP. Hồ Chí Minh",157.50 m²,7.5 m,21 m,--,1
8.35 tỷ,"Đường Quốc lộ 32, Xã Đức Thượng, Huyện Hoài Đức, TP. Hà Nội",129 m²,--,--,--,0
900 triệu,"Đường Quốc Lộ 55, Xã Lộc An, Huyện Bảo Lâm, Lâm Đồng",150 m²,30 m,5 m,--,0
370 triệu,"Đường Quốc lộ 1A Hàm Mỹ, Hàm Thuận Nam, Bình Thuận","1,900 m²",32 m,50 m,--,0
1 tỷ,"Đường 101 Nam Lộ, Xã La Ngà, Huyện Định Quán, Đồng Nai","1,060 m²",70 m,15 m,--,1
1.49 tỷ,"Đường Tỉnh Lộ 35, Xã Tân Dân, Huyện Sóc Sơn, TP Hà Nội",90 m²,18 m,5 m,--,0
2.48 tỷ,"Đường Vân Quan Đa Phúc, Dương Kinh, Hải Phòng",78 m²,20 m,5 m,--,0
8.35 tỷ,"Đường Quốc lộ 32, Xã Đức Thượng, Huyện Hoài Đức, TP. Hà Nội",129 m²,--,--,--,0
2.48 tỷ,"Đường Vân Quan, Phường Đa Phúc, Quận Dương Kinh, TP Hải Phòng",78 m²,20 m,5 m,--,0
1.8 tỷ,"Xã An Ngãi, Huyện Long Điền, Bà Rịa - Vũng Tàu",107 m²,--,--,--,0
6.05 tỷ,"Đường Nhân Cơ, Xã Nhân Cơ, Huyện Đắk RLấp, Đăk Nông","4,300 m²",--,--,--,0
1.1 tỷ,"Thôn 15, xã Ea Kuêh, huyện Cư Mgar, tỉnh Đắk Lăk","2,670 m²",--,--,--,0
2.9 tỷ,"Phường Tăng Nhơn Phú A, TP. Thủ Đức, TP. Hồ Chí Minh",60 m²,15 m,4 m,--,1
2.26 tỷ,"Đường Vân Quan, Phường Đa Phúc, Quận Dương Kinh, TP Hải Phòng",110 m²,22 m,5 m,--,0
1.47 tỷ,"Xã Xuân Nộn, Huyện Đông Anh, TP. Hà Nội",43 m²,10.8 m,4 m,Nam,1
1.3 tỷ,"Đường Tỉnh Lộ 131 Quang Tiến, Sóc Sơn, Hà Nội",72 m²,16 m,4.5 m,--,0
899 triệu,"Đường Hùng Vương Phú Lộc, Krong Năng, DakLak",132 m²,22 m,6 m,--,0
1.81 tỷ,"Xã Ea Drông, Thị Xã Buôn Hồ, Đắk Lắk","9,839 m²",40 m,170 m,--,1
899 triệu,"Đường Hùng Vương, Xã Phú Lộc, Huyện Krông Năng, Đăk Lăk",132 m²,22 m,6 m,--,0
3.5 tỷ,"Đường Hương Lộ 15, Xã Thạnh Phú, Huyện Vĩnh Cửu, Đồng Nai",560 m²,--,14 m,--,0
13 tỷ,"Đường 43, Xã Chiềng Hắc, Huyện Mộc Châu, Sơn La","22,000 m²",--,--,--,0
1.75 tỷ,"Đường Phùng Hưng, xã An Phước, Huyện Long Thành, Đồng Nai",128 m²,22 m,6 m,--,0
899 triệu,"Hùng Vương, Thị trấn Krông Năng, Huyện Krông Năng, Đắk Lắk",132 m²,22 m,6 m,--,1
13 tỷ,"Đường 43, xã Chiềng Hắc, Huyện Mộc Châu, Sơn La","22,000 m²",--,--,--,0
2.7 tỷ,"Phường Ninh Hiệp, Thị xã Ninh Hòa, Khánh Hòa",375 m²,37 m,9.97 m,Bắc,0
3.7 tỷ,"Đường Bến Tràm Cửa Dương, Phú Quốc, Kiên Giang",240 m²,30 m,8 m,--,0
5 tỷ,"Đường Lý Thái Tổ Long Tân, Nhơn Trạch, Đồng Nai",160 m²,23 m,7 m,--,0
1.5 tỷ,"Đường Quốc lộ 18 An Sinh, Đông Triều, Quảng Ninh","2,190 m²",136 m,16 m,--,0
1.65 tỷ,"Đường dt 741, Vĩnh Hòa, Phú Giáo, Bình Dương",334 m²,48 m,7 m,--,0
614.4 triệu,"DT741, Xã Phước Tín, Thị xã Phước Long, Bình Phước",192 m²,32 m,6 m,--,1
6.65 tỷ,"Phạm Nhữ Tăng, Phường Hòa Khê, Quận Thanh Khê, TP. Đà Nẵng",120 m²,19 m,6.5 m,--,1
819 triệu,"TL 749, Phường Minh Long, Thị xã Chơn Thành, Bình Phước",250 m²,5 m,50 m,Đông,1
900 triệu,"Đường Quốc Lộ 55, xã Lộc An, Huyện Bảo Lâm, Lâm Đồng",150 m²,30 m,5 m,--,0
820 triệu,"Quốc lộ 13, Phường Minh Long, Thị xã Chơn Thành, Bình Phước",250 m²,50 m,5 m,--,1
535 triệu,"Xã Ea Tul, Huyện Mgar, Đăk Lăk",239 m²,40 m,6 m,--,0
1.95 tỷ,"Xã Vĩnh Trung, TP. Nha Trang, Khánh Hòa",102 m²,--,--,--,0
1.55 tỷ,"Đường số 18, Phường Hiệp Bình Chánh, TP. Thủ Đức, TP. Hồ Chí Minh",80 m²,16 m,5 m,--,0
8.5 tỷ,"Đường Quốc lộ 32, Xã Đức Thượng, Huyện Hoài Đức, TP. Hà Nội",130 m²,--,--,--,0
9.5 tỷ,"Đường Chí Linh 19, Phường 10, TP. Vũng Tàu, Bà Rịa-Vũng Tàu",103 m²,16 m,7 m,--,0
180 triệu,"Xã Vĩnh Tân, Huyện Tuy Phong, Bình Thuận","5,000 m²",--,--,--,1
1.79 tỷ,"Xã Tân Lân, Huyện Cần Đước, Long An",145 m²,--,--,--,0
600 triệu,"Đường Tỉnh lộ 305, xã Hướng Đạo, Huyện Tam Dương, Vĩnh Phúc",125 m²,21 m,5 m,--,0
3.05 tỷ,"Quốc lộ 14, Xã Hòa Xuân, TP. Buôn Ma Thuột, Đắk Lắk",165 m²,39 m,5.5 m,T.Bắc,1
1.25 tỷ,"Xã Tân Phú Thạnh, Huyện Châu Thành A, Hậu Giang",92 m²,--,--,--,0
600 triệu,"Đường Ngọc Trai 1-18, Xã Hướng Đạo, Huyện Tam Dương, Vĩnh Phúc",125 m²,21 m,5 m,--,0
1.4 tỷ,"Xã Long Trạch, Huyện Cần Đước, Long An",100 m²,20 m,5 m,--,1
1.75 tỷ,"Đường Thống Nhất, Phường Bình Thắng, TP. Dĩ An, Bình Dương",100 m²,--,--,--,1
1.79 tỷ,"Xã Tân Lân, Huyện Cần Đước, Long An",145 m²,33 m,4.4 m,--,1
1.77 tỷ,"Trần Não, Phường An Khánh, TP. Thủ Đức, TP. Hồ Chí Minh",87 m²,--,--,--,1
3.98 tỷ,"Đường QL1A An Phú Đông, quận 12, TPHCM",68 m²,13 m,5.2 m,--,0
1.79 tỷ,"Đường GS2, Phường Đông Hòa, TP. Dĩ An, Bình Dương",90 m²,--,--,--,1
9 tỷ,"Đường Bát Khối Long Biên,quận Long Biên, Hà Nội",75 m²,15 m,5 m,--,0
3.98 tỷ,"Đường QL1A , Phường An Phú Đông, Quận 12, TPHCM",68 m²,13 m,5.2 m,--,0
21 tỷ,"Đường Phạm Văn Đồng, Phường Ngọc Xuyên, Quận Đồ Sơn, TP Hải Phòng",300 m²,16 m,5 m,--,0
325 triệu,"Xã Cư Bao, Thị Xã Buôn Hồ, Đắk Lắk",155 m²,--,--,--,0
2.4 tỷ,"Phường An Phú, TP. Tam Kỳ, Quảng Nam",120 m²,15 m,8 m,--,1
7.5 tỷ,"Đường Cổ Linh Long Biên, quận Long Biên, Hà Nội",75 m²,14 m,6 m,--,0
1.7 tỷ,"Võ Nguyên Giáp , Phường IV, TP. Vị Thanh, Hậu Giang",100 m²,--,--,--,0
3.65 tỷ,"Đường 1, xã Suối Tiên, huyện Diện Khánh, Khánh Hòa",443 m²,27 m,15 m,--,0
3.98 tỷ,"Đường QL1A An Phú Đông, quận 12, TPHCM",68 m²,13 m,5.2 m,--,0
3.7 tỷ,"Đường Bến Tràm Cửa Dương, Phú Quốc, Kiên Giang",240 m²,30 m,8 m,--,0
2 tỷ,"Đường Tân Hợp, Phường Tân Thành, Quận Dương Kinh, TP Hải Phòng",100 m²,20 m,5 m,--,0
1.6 tỷ,"Đường 1/5, Phường 1, TP Bảo Lộc, Lâm Đồng","1,058 m²",102.6 m,10.5 m,--,0
2.48 tỷ,"Đường Lê Hữu Tựu Nguyên Khê, Đông Anh, Hà Nội",51 m²,10 m,5 m,--,0
2.6 tỷ,"Đường Nguyễn Văn Giác, phường 3, Mỹ Tho, Tiền Giang",70 m²,14 m,5 m,--,0
6.8 tỷ,"Phường Hiệp Thành, TP. Thủ Dầu Một, Bình Dương",100 m²,25 m,4 m,T.Bắc,1
1 tỷ,"Đường Đại lộ Thăng Long Tân Xã, Thạch Thất, Hà Nội",80 m²,10.7 m,7.5 m,--,0
10 tỷ,"Phường Mũi Né, TP. Phan Thiết, Bình Thuận",494 m²,--,--,--,0
1.99 tỷ,"Phạm Viết Chánh, Phường 19, Quận Bình Thạnh, TP. Hồ Chí Minh",80 m²,--,--,--,1
5.1 tỷ,"Đường Tỉnh Lộ 87A Yên Bài, Ba Vì, Hà Nội","1,440 m²",56 m,27 m,--,0
1.55 tỷ,"Phường Thới Hòa, Thị xã Bến Cát, Bình Dương",150 m²,30 m,5 m,--,1
2.8 tỷ,"Xã La Ngà, Huyện Định Quán, Đồng Nai",360 m²,30 m,12 m,--,1
3.3 tỷ,"Phường Mũi Né, TP. Phan Thiết, Bình Thuận",300 m²,--,--,--,0
2 tỷ,"Đường Tân Hợp Tân Thành, Dương Kinh, Hải Phòng",100 m²,20 m,5 m,--,0
2 tỷ,"Đường Suối Rồng Ngọc Xuyên, Đồ Sơn, Hải Phòng",144 m²,18 m,8 m,--,0
300 triệu,"Đường Tỉnh Lộ 662 Ia Trôk, Ia Pa, Gia Lai",462 m²,46 m,10 m,--,0
2.2 tỷ,"Đường Ngọc Xuyên Vạn Hương, Đồ Sơn, Hải Phòng",80 m²,20 m,5 m,--,0
1.2 tỷ,"Đường 3 Ngọc Xuân, TP.Cao Bằng, Cao Bằng",100 m²,20 m,5 m,--,0
1.79 tỷ,"Đường Quốc lộ 32 Hưng Hóa, Tam Nông, Phú Thọ",162 m²,13 m,12 m,--,0
630 triệu,"Đường Quốc lộ 32 Trạch Mỹ Lộc, Phúc Thọ, Hà Nội",52 m²,13.86 m,3.75 m,--,0
300 triệu,"Đường Tỉnh Lộ 662 Ia Trôk, Ia Pa, Gia Lai",462 m²,46 m,10 m,--,0
788 triệu,"Đắk HLơ, KBang, Gia Lai","2,157 m²",85 m,20 m,--,0
1.55 tỷ,"Tắc Xuất, Thị trấn Cần Thạnh, Huyện Cần Giờ, TP. Hồ Chí Minh",90 m²,--,--,--,0
5.1 tỷ,"Đường Tỉnh Lộ 87A Yên Bài, Ba Vì, Hà Nội","1,440 m²",56 m,27 m,--,0
20 tỷ,"Đường N1 Nghĩa Tân, Gia Nghĩa, Đak Nông","3,200 m²",40 m,80 m,--,0
1.55 tỷ,"Đường Tân Phước Khánh 12, Phường Bình Chuẩn, TP. Thuận An, Bình Dương",80 m²,16 m,5 m,--,1
450 triệu,"Xã Đăk RMoan, TP. Gia Nghĩa, Đắk Nông","10,000 m²",100 m,100 m,--,0
650 triệu,"Xã Đăk RMoan, TP. Gia Nghĩa, Đắk Nông","8,000 m²",40 m,200 m,--,1
5 tỷ,"Xã Đắk Nia, TP. Gia Nghĩa, Đắk Nông","10,000 m²",200 m,50 m,--,1
1.2 tỷ,"Phường Mũi Né, TP. Phan Thiết, Bình Thuận",109 m²,--,--,--,0
8 tỷ,"Phường Mỹ Xuân, Thị xã Phú Mỹ, Bà Rịa - Vũng Tàu","4,000 m²",80 m,50 m,--,1
1.69 tỷ,"Đường Bình Phước A, Phường Vĩnh Phú, TP. Thuận An, Bình Dương",100 m²,--,--,--,1
9 tỷ,"Phường Tân Phước, Thị xã Phú Mỹ, Bà Rịa - Vũng Tàu","2,000 m²",50 m,40 m,--,1
1.3 tỷ,"Phường Hắc Dịch, Thị xã Phú Mỹ, Bà Rịa - Vũng Tàu","2,000 m²",180 m,45 m,--,1
690 triệu,"DT756B, ẤP Sóc Qủa, Xã Tân Hưng, Huyện Hớn Quản, Bình Phước",250 m²,32 m,32 m,Đông,1
690 triệu,"Quốc lộ 14 ,Âp Suối Binh , Xã Đồng Tiến, Huyện Đồng Phú, Bình Phước",250 m²,32 m,32 m,Đông,1
650 triệu,"DT756, Xã Tân Hưng, Huyện Hớn Quản, Bình Phước",250 m²,50 m,5 m,Đông,1
660 triệu,"DT743, Xã Tân Hưng, Huyện Hớn Quản, Bình Phước",250 m²,50 m,5 m,Đông,1
1.59 tỷ,"Ngô Chí Quốc, Phường Bình Chiểu, TP. Thủ Đức, TP. Hồ Chí Minh",85 m²,--,--,--,1
17 tỷ,"Đường Thạnh Lộc 12 Thạnh Lộc, Quận 12, TPHCM",540 m²,32 m,17 m,--,0
1.6 tỷ,"Đường Ngọc Xuyên Ngọc Hải, Đồ Sơn, Hải Phòng",120 m²,20 m,6 m,--,0
2.89 tỷ,"Thị trấn Trâu Quỳ, Huyện Gia Lâm, TP. Hà Nội",53 m²,--,--,--,0
4.4 tỷ,"Đường Hiệp Thành 17 Hiệp Thành, quận 12, TPHCM",54 m²,13.5 m,4 m,--,0
1.8 tỷ,"Đường Hoàng Văn Thái, Phường Hòa Khánh Nam, Quận Liên Chiểu, TP. Đà Nẵng",75 m²,13 m,6 m,--,1
4 tỷ,"Đường ĐT 8 Diên Lâm, Diên Khánh, Khánh Hòa","18,000 m²",300 m,50 m,--,0
22 tỷ,"Phường Hiệp An, TP. Thủ Dầu Một, Bình Dương",740 m²,37 m,20 m,Đông,1
2 tỷ,"Đường 2 Diên Đồng, Diên Khánh, Khánh Hòa",483 m²,48 m,10 m,--,0
1.6 tỷ,"Đường 334 Cái Rồng, Vân Đồn, Quảng Ninh",88 m²,17 m,5 m,--,0
900 triệu,"Đường Đức Hòa Thượng Đức Hòa Thượng, Đức Hòa, Long An",100 m²,20 m,5 m,--,0
1.3 tỷ,"Đường Hà Khánh, Hạ Long, Quảng Ninh",58 m²,--,--,--,0
1.55 tỷ,"Đường ĐT 704, Xã Mình Thạnh, Huyện Dầu Tiếng, Tỉnh Bình Dương","1,663 m²",100 m,16.63 m,--,0
1.65 tỷ,"Đường 27 Quảng Thịnh, TP. Thanh Hóa, Thanh Hóa",120 m²,20 m,6 m,--,0
1.6 tỷ,"Đường 823, Xã Đức Lập Thượng, Huyện Đức Hòa, Long An",100 m²,20 m,5 m,--,1
2.2 tỷ,"Đường ĐT 725 Lộc Đức, Bảo Lâm, Lâm Đồng","1,018 m²",50 m,20 m,--,0
1.87 tỷ,"Đường Đại Thắng Hòa Nghĩa, Dương Kinh, Hải Phòng",77 m²,15 m,4 m,--,0
2.5 tỷ,"Đường Suối Rồng Ngọc Xuyên, Đồ Sơn, Hải Phòng",144 m²,18 m,8 m,--,0
3.15 tỷ,"Đường Ngọc Thụy, Phường Ngọc Thụy, Quận Long Biên, TP. Hà Nội",37 m²,9.3 m,4 m,--,1
2.2 tỷ,"Phường An Phú, TP. Thuận An, Bình Dương",80 m²,20 m,4 m,Nam,1
1.9 tỷ,"Đường Thanh Niên, Phường Ngọc Xuyên, Quận Đồ Sơn, TP Hải Phòng",100 m²,20 m,5 m,--,0
6.5 tỷ,"Đường Giảng Võ, Phường Giảng Võ, Quận Ba Đình, TP Hà Nội",35 m²,7 m,5 m,--,0
2.5 tỷ,"Đường Suối Rồng, Phường Ngọc Xuyên, Quận Đồ Sơn, TP. HP",144 m²,18 m,8 m,--,0
1.1 tỷ,"Đường Trương Định, Thị trấn Cần Đước, Huyện Cần Đước, Long An",80.50 m²,16 m,5 m,Đ.Bắc,1
500 triệu,"Đường 20 Tân Lạc, Bảo Lâm, Lâm Đồng",363 m²,40 m,9 m,--,0
1.87 tỷ,"Đường Đại Thắng Hòa Nghĩa, Dương Kinh, Hải Phòng",77 m²,15 m,4 m,--,0
5.56 tỷ,"Đường Nguyễn Văn Linh, Phường Xuân Hòa, TP Phúc Yên, Vĩnh Phúc",484 m²,1 m,20 m,--,0
2.86 tỷ,"Đường Quốc Lộ 3, Thị trấn Đông Anh, Huyện Đông Anh, TP. Hà Nội",55 m²,14 m,3.8 m,Tây,1
8 tỷ,"Phường Mũi Né, TP. Phan Thiết, Bình Thuận",316 m²,--,--,--,0
26.4 tỷ,"Đường Bà Lê Chân Bến Nghé, quận 1, TPHCM","1,650 m²",62 m,27 m,--,0
899 triệu,"Đường Tân Lộc, Xã Phú Lộc, Huyện Krông Năng, Đắk Lắk",132 m²,22 m,6 m,Đ.Bắc,1
20 tỷ,"Đường nghĩa tín Quảng Thành, Gia Nghĩa, Đak Nông","80,000 m²",200 m,400 m,--,0
2 tỷ,"Xã Hưng Long, Huyện Bình Chánh, TP. Hồ Chí Minh",86 m²,18 m,5 m,Đ.Bắc,1
850 triệu,"Xã Bàu Hàm 2, Huyện Thống Nhất, Đồng Nai","1,040 m²",--,--,Đ.Nam,0
950 triệu,"Xã Bàu Hàm 2, Huyện Thống Nhất, Đồng Nai",900 m²,45 m,20 m,Đ.Nam,0
5.1 tỷ,"Đường Tỉnh Lộ 87A Yên Bài, Ba Vì, Hà Nội","1,440 m²",56 m,27 m,--,0
4.5 tỷ,"Đường Nguyễn Khoái Vĩnh Hòa, Nha Trang, Khánh Hòa",100 m²,25 m,4 m,--,0
7.5 tỷ,"Đường 180 Long Phước, Thủ Đức, TPHCM",875 m²,32 m,30 m,--,0
1.3 tỷ,"Đường Nguyễn Chích, Phường Vĩnh Hoà, Nha Trang.",40 m²,8 m,5 m,--,0
530 triệu,"Ql20, Xã Lộc An, Huyện Bảo Lâm, Lâm Đồng",100 m²,20 m,5 m,--,1
1.3 tỷ,"Đường Nguyễn Chích, Phường Vĩnh Hòa, TP Nha Trang, Khánh Hòa",40 m²,8 m,5 m,--,0
860 triệu,"Đường Quốc Lộ 3, Xã Xuân Nộn, Huyện Đông Anh, TP Hà Nội",44 m²,11.5 m,3.8 m,--,0
660 triệu,"Tổ 9, Phường Hoà Nghĩa, Quận Dương Kinh, TP. Hải Phòng",57 m²,--,4.2 m,--,1
1.5 tỷ,"Đường Nguyễn Trung Trực An Hòa, Biên Hòa, Đồng Nai",72 m²,19 m,4.5 m,--,0
3 tỷ,"Phường Mũi Né, TP. Phan Thiết, Bình Thuận",143.50 m²,--,--,--,0
1.75 tỷ,"Xã Hương Mạc, Thị xã Từ Sơn, Bắc Ninh",70.50 m²,--,--,--,0
1.66 tỷ,"Thị trấn Thạnh Phú, Huyện Thạnh Phú, Bến Tre",120 m²,24 m,5 m,--,0
899 triệu,"Đường Lộc Tân, Xã Phú Lộc, Huyện Krông Năng, Đắk Lắk",132 m²,22 m,6 m,Đ.Bắc,1
17.4 tỷ,"Đường Việt Hưng, Phường Việt Hưng, Quận Long Biên, TP. HN",120 m²,24 m,5 m,--,0
899 triệu,"Đường Lộc Tân, Xã Phú Lộc, Huyện Krông Năng, Đắk Lắk",132 m²,22 m,6 m,Đ.Nam,1
899 triệu,"Đường Lộc Tân, Xã Phú Lộc, Huyện Krông Năng, Đắk Lắk",132 m²,22 m,6 m,Đ.Bắc,1
1.5 tỷ,"Đường Quốc lộ 18, Xã An Sinh, Thị xã Đông Triều, Quảng Ninh","2,190 m²",136 m,16 m,--,0
9 tỷ,"Đường Nam Hồ, Phường 11, TP. Đà Lạt, Lâm Đồng",412 m²,21 m,20 m,--,0
4.2 tỷ,"Nguyễn Xiển, Phường Long Thạnh Mỹ, TP. Thủ Đức, TP. Hồ Chí Minh",95 m²,22.5 m,4.19 m,--,1
14 tỷ,"Đường 1, phường 10, Gò Vấp, TPHCM",165 m²,9.2 m,6.4 m,--,0
3.6 tỷ,"Đường Hương Lộ 6, Xã Thạnh Phú, Huyện Vĩnh Cửu, Đồng Nai",510 m²,--,11 m,--,0
4.8 tỷ,"Đường ĐT 750, Xã Trừ Văn Thố, Huyện Bàu Bàng, Bình Dương",788 m²,50 m,16 m,--,0
1.8 tỷ,"Muồng tím, Phường Cát Lái, TP. Thủ Đức, TP. Hồ Chí Minh",100 m²,--,--,--,1
1.75 tỷ,"Huỳnh Tấn Phát, Xã Phú Xuân, Huyện Nhà Bè, TP. Hồ Chí Minh",95 m²,--,--,--,1
1.05 tỷ,"Đường 763, Xã Túc Trưng, Huyện Định Quán, Đồng Nai","1,000 m²",70 m,13 m,--,1
890 triệu,"Xã Hòa Thắng, Huyện Bắc Bình, Bình Thuận","10,000 m²",200 m,50 m,Đ.Nam,1
1 tỷ,"Đường 13, Xã An Điền, Thị xã Bến Cát, Bình Dương",100 m²,10 m,10 m,--,0
899 triệu,"Đường Hùng Vương, Xã Phú Lộc, Huyện Krong Năng, Đăk Lăk",132 m²,22 m,6 m,--,0
2.76 tỷ,"Đường Phương Lung Hưng Đạo, Dương Kinh, Hải Phòng",92 m²,17 m,6 m,--,0
899 triệu,"Đường Hùng Vương Phú Lộc, Krong Năng, DakLak",132 m²,22 m,6 m,--,0
650 triệu,"Thị trấn Tân Phú, Huyện Tân Phú, Đồng Nai","2,000 m²",20 m,100 m,--,1
600 triệu,"Xã Hòa Ninh, Huyện Di Linh, Lâm Đồng","4,000 m²",20 m,20 m,--,1
495 triệu,"Đường Cầu Sao, xã Bàu Đồn, Huyện Gò Dầu, Tây Ninh",100 m²,20 m,5 m,--,0
1.69 tỷ,"Liên Phường, Phường Phước Long B, TP. Thủ Đức, TP. Hồ Chí Minh",75.80 m²,--,--,--,1
2.85 tỷ,"Hương lộ 2, Phường Bình Trị Đông A, Quận Bình Tân, TP. Hồ Chí Minh",50 m²,5 m,10 m,--,1
299 triệu,"Xã Xuân Thới Sơn, Huyện Hóc Môn, TP. Hồ Chí Minh",40 m²,10 m,4 m,--,1
5.2 tỷ,"Phường Tân Định, Thị xã Bến Cát, Bình Dương",260 m²,7 m,38 m,Đông,1
10.5 tỷ,"Đường 1, phường 1, Gò Vấp, TPHCM",193 m²,18 m,4.8 m,--,0
1.2 tỷ,"Xã Hồng Phong, Huyện Bắc Bình, Bình Thuận",221 m²,--,--,--,0
1.7 tỷ,"Xã Nhơn Đức, Huyện Nhà Bè, TP. Hồ Chí Minh",80 m²,5 m,16 m,--,1
2.4 tỷ,"Xã Phú Hội, Huyện Đức Trọng, Lâm Đồng","6,400 m²",--,--,--,0
540 triệu,"Đường Tỉnh Lộ 8, Xã Khánh Hiệp, Huyện Khánh Vĩnh, Khánh Hòa","1,000 m²",100 m,10 m,--,0
16.7 tỷ,"Đường Phạm Văn Đồng Xuân Hòa, Phúc Yên, Vĩnh Phúc","1,700 m²",2 m,40 m,--,0
57 tỷ,"Đường Nguyễn Sơn, Phường Gia Thụy, Quận Long Biên, TP. HN",212 m²,23 m,9 m,--,0
3.16 tỷ,"Đường Đản Dị, Xã Xuân Nộn, Huyện Đông Anh, TP. HN",69 m²,17 m,4 m,--,0
900 triệu,"Xã Phùng Xá, Huyện Mỹ Đức, TP. Hà Nội",132 m²,22 m,6 m,--,1
1.1 tỷ,"Đường Thạch Thành Ninh Quang, Ninh Hòa, Khánh Hòa",151 m²,26 m,6 m,--,0
5.86 tỷ,"Đường Cao Lỗ, Xã Uy Nỗ, Huyện Đông Anh, TP. Hà Nội",105 m²,24 m,4.28 m,Nam,1
1.1 tỷ,"Đường Thạch Thành Ninh Quang, Ninh Hòa, Khánh Hòa",151 m²,26 m,6 m,--,0
500 triệu,"Đường 20 Tân Lạc, Bảo Lâm, Lâm Đồng",240 m²,48 m,5 m,--,0
2.48 tỷ,"Đường Lê Hữu Tựu, Xã Nguyên Khê, Huyện Đông Anh, TP. Hà Nội",52 m²,10.4 m,5 m,Nam,1
12 tỷ,"Đường Việt Hưng Long Biên, quận Long Biên, Hà Nội",80 m²,16 m,5 m,--,0
2.04 tỷ,"Đường Quốc Lộ 3 Mai Đình, Sóc Sơn, Hà Nội",120 m²,24 m,5 m,--,0
6 tỷ,"Đường 10, Xã Diên Hòa, Huyện Diên Khánh, Khánh Hòa",892 m²,74.33 m,12 m,--,0
3.5 tỷ,"Phường Hoà Phú, TP. Thủ Dầu Một, Bình Dương",100 m²,20 m,5 m,Đ.Nam,1
450 triệu,"Quốc lộ 13, Phường An Lộc, Thị xã Bình Long, Bình Phước","1,000 m²",82.53 m,12.43 m,Đ.Nam,1
4.2 tỷ,"Đường Thống Nhất, Phường Bình An, TP Dĩ An, Bình Dương",100 m²,20 m,5 m,--,0
3 tỷ,"Đường Lê Công Hạnh Vĩnh Hòa, Nha Trang, Khánh Hòa",82 m²,18 m,4.5 m,--,0
280 triệu,"DT623B, Xã Nghĩa Lâm, Huyện Tư Nghĩa, Quảng Ngãi",121 m²,25 m,5 m,Đ.Nam,1
280 triệu,"DT623B, Xã Nghĩa Lâm, Huyện Tư Nghĩa, Quảng Ngãi",121 m²,25 m,5 m,Đ.Nam,1
1.54 tỷ,"Đường Lý Thường Kiệt Lộc Phát, Bảo Lộc, Lâm Đồng",220 m²,22 m,10 m,--,0
350 triệu,"Xã Kông Lơng Khơng, Huyện KBang, Gia Lai",300 m²,--,--,--,0
295 triệu,"Xã Kông Lơng Khơng, Huyện KBang, Gia Lai",201 m²,--,--,--,0
380 triệu,"Xã Đăk HLơ, Huyện KBang, Gia Lai",356 m²,--,--,--,0
6.5 tỷ,"Xã Đăk Roong, Huyện KBang, Gia Lai","49,323 m²",--,--,--,0
3 tỷ,"Đường Lê Công Hạnh Vĩnh Hòa, Nha Trang, Khánh Hòa",82 m²,18 m,4.5 m,--,0
7.25 tỷ,"Đường 2/3, Phương 12, TP Đà Lạt, Lâm Đồng","2,500 m²",--,--,--,0
390 triệu,"Xã Kông Lơng Khơng, Huyện KBang, Gia Lai","1,242 m²",--,--,--,0
3 tỷ,"Đường Nguyễn Bỉnh Khiêm, Phường Đông Hải 1, Quận Hải An, TP. Hải Phòng",100 m²,25 m,4 m,--,0
1 tỷ,"Đường Tỉnh lộ 883, Xã Vang Quới Tây, Huyện Bình Đại, Bến Tre",338 m²,--,--,--,0
1.3 tỷ,"Thị trấn Dầu Giây, Huyện Thống Nhất, Đồng Nai","1,200 m²",20 m,60 m,--,0
980 triệu,"Thị trấn Dầu Giây, Huyện Thống Nhất, Đồng Nai",100 m²,5 m,20 m,--,0
1.55 tỷ,"Đường Quốc lộ 32, Xã Tề Lễ, Huyện Tam Nông, Phú Thọ",162 m²,--,--,--,0
4.5 tỷ,"Đường DT725 Lộc Quảng, Bảo Lâm, Lâm Đồng","1,000 m²",20 m,50 m,--,0
1.39 tỷ,"Hưng Nhơn, Xã Tân Kiên, Huyện Bình Chánh, TP. Hồ Chí Minh",93 m²,--,--,--,1
1.7 tỷ,"Nguyễn Văn Linh, Xã Bình Hưng, Huyện Bình Chánh, TP. Hồ Chí Minh",96 m²,--,--,--,1
2.2 tỷ,"Đường Tân Đô Hải Sơn, Xã Đức Hòa Hạ, Huyện Đức Hòa, Long An",100 m²,20 m,5 m,--,0
850 triệu,"Đường 101, Xã Túc Trưng, Huyện Định Quán, Đồng Nai","1,035 m²",--,--,--,0
2.2 tỷ,"Đường Khu Phước Hải, Thị trấn Long Thành, Huyện Long Thành, Đồng Nai",520 m²,15 m,34.99 m,--,1
599 triệu,"Đường ĐT 755, Xã Phước Sơn, Huyện Bù Đăng, Bình Phước",250 m²,50 m,5 m,--,0
6.5 tỷ,"Trại Mát, Phường 11, TP. Đà Lạt, Lâm Đồng","1,000 m²",--,--,Đ.Nam,1
52 tỷ,"Sương Nguyệt Ánh, Phường 9, TP. Đà Lạt, Lâm Đồng",351 m²,--,--,Đ.Nam,1
3.5 tỷ,"Xã Xuân Trường, TP. Đà Lạt, Lâm Đồng","1,784 m²",--,--,T.Bắc,1
1.1 tỷ,"Nam Hồ, Phường 11, TP. Đà Lạt, Lâm Đồng",90 m²,--,--,Đ.Bắc,1
899 triệu,"Hùng Vương, Thị trấn Krông Năng, Huyện Krông Năng, Đắk Lắk",132 m²,22 m,6 m,--,1
1.3 tỷ,"Đường Quốc lộ 37, xã Lương Phong, Huyện Hiệp Hòa, Bắc Giang",148 m²,25 m,6 m,--,0
1.25 tỷ,"Đường 1, xã Nhơn Thạnh Trung, TP. Tân An, Long An","2,450 m²",47 m,47 m,--,0
699 triệu,"Đường Đỗ Quyên, Phường An Phú Đông, Quận 12, TP. HCM",250 m²,25 m,10 m,--,0
2.7 tỷ,"422, Xã Vân Canh, Huyện Hoài Đức, TP. Hà Nội",85 m²,--,--,--,1
2.7 tỷ,"422, Xã Vân Canh, Huyện Hoài Đức, TP. Hà Nội",60 m²,--,--,--,0
2 tỷ,"Đường 2 Diên Toàn, Diên Khánh, Khánh Hòa",200 m²,24 m,8 m,--,0
2 tỷ,"Đường Mỹ Sơn Chi Lăng, TP.Lạng Sơn, Lạng Sơn",87 m²,15 m,5 m,--,0
1.7 tỷ,"Đường Phú Bình Vĩnh Thạnh, Nha Trang, Khánh Hòa",99 m²,19 m,5 m,--,0
600 triệu,"Đường Tỉnh lộ 305 Hướng Đạo, Tam Dương, Vĩnh Phúc",125 m²,21 m,5 m,--,0
280 triệu,"Xã Nghĩa Lâm, Huyện Tư Nghĩa, Quảng Ngãi",120 m²,25 m,5 m,Đ.Nam,1
899 triệu,"Đường Tân lộc, Xã Phú Lộc, Huyện Krông Năng, Đắk Lắk",132 m²,22 m,6 m,Đông,1
899 triệu,"Đường Tân Lộc, Xã Phú Lộc, Huyện Krông Năng, Đắk Lắk",132 m²,22 m,6 m,Đông,1
1.65 tỷ,"Đường Tân Thảo, Phường Quảng Thịnh, TP Thanh Hóa, Thanh Hóa",120 m²,24 m,5 m,--,0
1.7 tỷ,"Đường Tỉnh Lộ 7, Phường Hòa Lợi, Thị xã Bến Cát, Bình Dương",100 m²,20 m,5 m,--,0
2.95 tỷ,"Đường 826, Xã Long Hậu, Huyện Cần Giuộc, Long An",100 m²,20 m,5 m,--,0
980 triệu,"Đường quốc lô 22, Xã Bàu Hàm 2, Huyện Thống Nhất, Đồng Nai","1,000 m²",40 m,25 m,--,0
1.35 tỷ,"Xã Định Hiệp, Huyện Dầu Tiếng, Bình Dương",230 m²,21 m,11 m,--,1
400 triệu,"Đường 15, Xã An Tức, Huyện Tri Tôn, An Giang","2,500 m²",--,--,--,0
900 triệu,"An Thới Đông, Xã Bình Khánh, Huyện Cần Giờ, TP. Hồ Chí Minh",132 m²,22 m,6 m,--,1
1 tỷ,"Đường Tỉnh Lộ 765 Xuân Tây, Cẩm Mỹ, Đồng Nai","1,000 m²",50 m,20 m,--,0
1.79 tỷ,"Nguyễn Hữu Trí, Thị trấn Tân Túc, Huyện Bình Chánh, TP. Hồ Chí Minh",95 m²,--,--,--,1
1 tỷ,"Đường Tỉnh Lộ 765, Xuân Tây, Huyện Cẩm Mỹ Đồng Nai","1,000 m²",50 m,20 m,--,0
10.8 tỷ,"Đường An Thới Đông, xã An Thới Đông, Huyện Cần Giờ, TP. HCM","10,666 m²",42 m,253 m,--,0
1.8 tỷ,"Phan Huy Ích, Phường 14, Quận Gò Vấp, TP. Hồ Chí Minh",85 m²,--,--,--,1
1 tỷ,"Đường Tỉnh Lộ 765, Xã Xuân Tây, Cẩm Mỹ Đồng Nai","1,000 m²",50 m,20 m,--,0
2.8 tỷ,"Xã Quy Đức, Huyện Bình Chánh, TP. Hồ Chí Minh",123 m²,--,--,Đ.Bắc,1
500 triệu,"Đường Lê Thị Hồng Gấm, Phường Tân Lợi, TP Buôn Ma Thuột, Đăk Lăk",500 m²,--,--,--,0
5.1 tỷ,"Đường Phạm Văn Đồng, Phường Anh Dũng, Quận Dương Kinh, TP. Hải Phòng",100 m²,20 m,5 m,--,0
447 triệu,"Đường Quốc lộ 14, Xã Ia Phìn, Huyện Chư Prông, Gia Lai","1,000 m²",--,--,--,0
2.76 tỷ,"Đường Phương Lung, Phường Hưng Đạo, Quận Dương Kinh, TP. Hải Phòng",92 m²,17 m,6 m,--,0
1.3 tỷ,"Đường 763, Xã La Ngà, Huyện Định Quán, Đồng Nai","1,100 m²",76 m,15 m,--,0
1.25 tỷ,"Đường 101 Nam Lộ, Xã La Ngà, Huyện Định Quán, Đồng Nai","1,000 m²",50 m,20 m,--,0
4.8 tỷ,"Đường Cặp Sông Cái Răng Bé, P. Thường Thạnh, Q. Cái Răng, Cần Thơ.",204 m²,--,--,--,0
937 triệu,"Đường Tỉnh Lộ 35, Xã Minh Phú, Huyện Sóc Sơn, TP. HN",75 m²,15 m,5 m,--,0
3.5 tỷ,"Phường Mũi Né, TP. Phan Thiết, Bình Thuận",110 m²,--,--,--,0
2.38 tỷ,"Nguyễn Văn Linh, Phường Minh Hưng, Thị xã Chơn Thành, Bình Phước",150 m²,30 m,5 m,--,1
580 triệu,"Số 5, Phường Minh Hưng, Thị xã Chơn Thành, Bình Phước",42 m²,32 m,15 m,--,1
147 triệu,"DT758, Xã Tân Hưng, Huyện Hớn Quản, Bình Phước","1,000 m²",100 m,10 m,--,1
1.59 tỷ,"Đường Tỉnh Lộ 131, xã Quang Tiến, huyện Sóc Sơn, TP. HN",88 m²,20 m,4.5 m,--,0
1.08 tỷ,"Đường Tỉnh Lộ 35 Minh Phú, Sóc Sơn, Hà Nội",80 m²,16.5 m,4.8 m,--,0
1.7 tỷ,"Xã Nhơn Đức, Huyện Nhà Bè, TP. Hồ Chí Minh",80 m²,5 m,16 m,--,1
6 tỷ,"Đường 4D Tả Van, SaPa, Lào Cai",930 m²,--,--,--,0
3.4 tỷ,"Xã Phú Vinh, Huyện Tân Lạc, Hoà Bình","12,882 m²",--,--,--,1
1.4 tỷ,"Phường Thới Hòa, Thị xã Bến Cát, Bình Dương",100 m²,19.99 m,5 m,--,0
750 triệu,"Xã Gia Lộc, Huyện Trảng Bàng, Tây Ninh",280 m²,--,--,--,0
17 tỷ,"Đường Đỗ Xuân Hợp, Phường An Phú, TP Thủ Đức, TPHCM",100 m²,20 m,5 m,--,0
7.5 tỷ,"Đường Thanh Am, Phường Thượng Thanh, Quận Long Biên, TP Hà Nội",77 m²,12.4 m,6.2 m,--,0
900 triệu,"Phường 1, Quận Gò Vấp, TP. Hồ Chí Minh",132 m²,22 m,6 m,--,1
899 triệu,"Hùng Vương, Thị trấn Krông Năng, Huyện Krông Năng, Đắk Lắk",132 m²,22 m,6 m,--,1
5.1 tỷ,"Đường ĐT 824 Bình Đức, Bến Lức, Long An","3,194 m²",--,--,--,0
1.5 tỷ,"Đường Quốc lộ 18, Xã An Sinh, Thị xã Đông Triều, Quảng Ninh","2,190 m²",136 m,16 m,--,0
700 triệu,"Xã Tân Thành, Huyện Tân Châu, Tây Ninh",637 m²,112.43 m,7.2 m,--,0
2.2 tỷ,"Liên Phường, Phường Phước Long B, TP. Thủ Đức, TP. Hồ Chí Minh",80 m²,16 m,5 m,--,1
1.75 tỷ,"Lê Đức Thọ, Phường 6, Quận Gò Vấp, TP. Hồ Chí Minh",83.50 m²,--,--,--,1
2.4 tỷ,"Phường Phú Mỹ, TP. Thủ Dầu Một, Bình Dương",117 m²,29 m,4 m,Bắc,1
899 triệu,"Đường Hùng Vương, Xã Phú Lộc, Huyện Krong Năng, Đăk Lăk",132 m²,22 m,6 m,--,0
4.4 tỷ,"Đường Hiệp Thành 17, Phường Hiệp Thành, Quận 12, TPHCM",54 m²,13.5 m,4 m,--,0
1.45 tỷ,"Xã Phong Phú, Huyện Tân Lạc, Hoà Bình",756 m²,--,--,--,1
9.8 tỷ,"Phường Mũi Né, TP. Phan Thiết, Bình Thuận",490 m²,--,--,--,0
1.9 tỷ,"Xã Bắc Hồng, Huyện Đông Anh, TP. Hà Nội",52 m²,13 m,4 m,Đ.Nam,1
899 triệu,"Đường Hùng Vương Phú Lộc, Krong Năng, DakLak",132 m²,22 m,6 m,--,0
500 triệu,"Đường 20 Tân Lạc, Bảo Lâm, Lâm Đồng",240 m²,48 m,5 m,--,0
3.2 tỷ,"Hoàng Phan Thái, Xã Bình Chánh, Huyện Bình Chánh, TP. Hồ Chí Minh",85 m²,5 m,17 m,--,1
1.6 tỷ,"Đường 43, Xã Tân Lập, Huyện Mộc Châu, Sơn La",565 m²,--,--,--,0
1.5 tỷ,"Đại lộ Võ Nguyên Giáp, Phường IV, TP. Vị Thanh, Hậu Giang",100 m²,20 m,5 m,--,1
3.5 tỷ,"Xã Đại An, Huyện Đại Lộc, Quảng Nam",755 m²,36 m,21 m,Đ.Nam,1
2.15 tỷ,"Nguyễn Hữu Thọ, Phường Tân Phong, Quận 7, TP. Hồ Chí Minh",82 m²,--,--,--,1
1.6 tỷ,"Đường 43, xã Tân Lập, huyện Mộc Châu, Sơn La",565 m²,--,--,--,0
1.6 tỷ,"Đường 43, xã Tân Lập, Huyện Mộc Châu, Sơn La",565 m²,--,--,--,0
1.04 tỷ,"Đường Cách Mạng Tháng 8, Thị trấn Đất Đỏ, Huyện Đất Đỏ, Bà Rịa - Vũng Tàu",130 m²,26 m,5 m,--,1
995 triệu,"Đường Đồng Phúc, Yên Dũng, Bắc Giang",75 m²,--,5 m,--,0
3.5 tỷ,"Xã Đại An, Huyện Đại Lộc, Quảng Nam",755 m²,36 m,21 m,Đ.Nam,1
2.9 tỷ,"Đường quốc lộ 2 Sóc Sơn, huyện Sóc Sơn, Hà Nội",325 m²,17 m,20 m,--,0
2.1 tỷ,"Đường 8, xã Long Đức, huyện Long Thành, tỉnh Đồng Nai",210 m²,45 m,5 m,--,0
2.19 tỷ,"Phường Thạnh Mỹ Lợi, TP. Thủ Đức, TP. Hồ Chí Minh",107 m²,--,--,--,1
1.7 tỷ,"Bùi Phổ, Phường Tân Thành, Quận Dương Kinh, TP. Hải Phòng",82 m²,--,4.7 m,--,1
850 triệu,"Đường Vũ Vị, Xã Minh Tân, Huyện Kiến Thụy, TP. Hải Phòng",75 m²,--,4.5 m,--,1
1.45 tỷ,"Đường An Toàn, Phường Hoà Nghĩa, Quận Dương Kinh, TP. Hải Phòng",60 m²,--,4.5 m,--,1
2.27 tỷ,"TĐC Ngọc Xuyên, Phường Ngọc Xuyên, Quận Đồ Sơn, TP. Hải Phòng",80 m²,16 m,5 m,--,1
7.7 tỷ,"Đường TĐC Ngọc Xuyên, Phường Ngọc Xuyên, Quận Đồ Sơn, TP. Hải Phòng",200 m²,20 m,10 m,--,1
950 triệu,"Đường Trung Nghĩa, Phường Hợp Đức, Quận Đồ Sơn, TP. Hải Phòng",68 m²,--,4.3 m,--,1
1.92 tỷ,"Tân Thành, Phường Tân Thành, Quận Dương Kinh, TP. Hải Phòng",79 m²,19 m,4 m,--,1
930 triệu,"Hải Thành 2, Phường Hải Thành, Quận Dương Kinh, TP. Hải Phòng",40 m²,8 m,4.99 m,--,1
2.24 tỷ,"Đường Nguyễn Hữu Cầu, Phường Ngọc Hải, Quận Đồ Sơn, TP. Hải Phòng",80 m²,20 m,4 m,--,1
2.73 tỷ,"Tân Thành Dương Kinh Hải Phòng, Phường Tân Thành, Quận Dương Kinh, TP. Hải Phòng",105 m²,--,4.99 m,--,0
2.8 tỷ,"Trung Nghĩa, Phường Hợp Đức, Quận Đồ Sơn, TP. Hải Phòng",200 m²,--,8 m,--,1
1.95 tỷ,"Đường 51, Phước Thái, Long Thành, Đồng Nai",108 m²,22 m,5 m,--,0
1.67 tỷ,"Nguyễn Huệ, Phường Minh Đức, Quận Đồ Sơn, TP. Hải Phòng",115 m²,--,5 m,--,1
950 triệu,"Trung Nghĩa, Phường Hợp Đức, Quận Đồ Sơn, TP. Hải Phòng",68 m²,--,4.3 m,--,1
1.92 tỷ,"Đường Nguyễn Hữu Cầu, Phường Ngọc Hải, Quận Đồ Sơn, TP. Hải Phòng",120 m²,--,6 m,--,1
3.15 tỷ,"Xã Xuân Nộn, Huyện Đông Anh, TP. Hà Nội",100 m²,16 m,6 m,T.Bắc,1
1.52 tỷ,"Nghĩa Phương, Phường Minh Đức, Quận Đồ Sơn, TP. Hải Phòng",83 m²,--,--,--,1
1.35 tỷ,"Đức Thắng, Phường Minh Đức, Quận Đồ Sơn, TP. Hải Phòng",68 m²,--,4.29 m,--,1
1.85 tỷ,"Đường Nguyễn Hữu Cầu, Phường Ngọc Hải, Quận Đồ Sơn, TP. Hải Phòng",90 m²,--,--,--,0
1.25 tỷ,"Đường Tư Thủy, Phường Hoà Nghĩa, Quận Dương Kinh, TP. Hải Phòng",84 m²,--,4.49 m,--,0
550 triệu,"Bình Minh, Phường Minh Đức, Quận Đồ Sơn, TP. Hải Phòng",40 m²,--,4.5 m,--,1
1.39 tỷ,"Hải Thành 2 Dương Kinh Hải Phòng, Phường Hải Thành, Quận Dương Kinh, TP. Hải Phòng",61 m²,13 m,4.75 m,--,1
1.3 tỷ,"TDP Điện Biên, Phường Bàng La, Quận Đồ Sơn, TP. Hải Phòng",96 m²,--,5 m,--,1
3.6 tỷ,"Đại Thắng, Phường Hoà Nghĩa, Quận Dương Kinh, TP. Hải Phòng",188 m²,11 m,16.99 m,--,1
1.95 tỷ,"Đường Hải Thành, Phường Hải Thành, Quận Dương Kinh, TP. Hải Phòng",77 m²,--,4.5 m,--,1
2.46 tỷ,"Nghĩa Phương, Phường Minh Đức, Quận Đồ Sơn, TP. Hải Phòng",105 m²,--,4.2 m,--,1
540 triệu,"Bình Minh, Phường Minh Đức, Quận Đồ Sơn, TP. Hải Phòng",41 m²,--,--,--,0
50 tỷ,"98 Sơn Mỹ, Xã Sơn Mỹ, Huyện Hàm Tân, Bình Thuận","8,700 m²",87 m,106 m,--,1
21 tỷ,"Đường Phạm Văn Đồng, Phường Ngọc Xuyên, Quận Đồ Sơn, TP, HP",300 m²,16 m,5 m,--,0
5.1 tỷ,"Đường Phạm Văn Đồng, Phường Anh Dũng, Quận Dương Kinh, TP. HP",100 m²,20 m,5 m,--,0
899 triệu,"Hùng Vương, Thị trấn Krông Năng, Huyện Krông Năng, Đắk Lắk",132 m²,22 m,6 m,--,1
599 triệu,"Đường ĐT 755, Xã Phước Sơn, Huyện Bù Đăng, Bình Phước",250 m²,50 m,5 m,--,0
590 triệu,"Đường 879B, Phường 7, TP Mỹ Tho, Tiền Giang",105 m²,20 m,5 m,--,0
7.4 tỷ,"Đường Thanh Am, Phường Thượng Thanh, Quận Long Biên, TP Hà Nội",77 m²,12.5 m,6.2 m,--,0
899 triệu,"Đường Lộc Tân, Xã Phú Lộc, Huyện Krông Năng, Đắk Lắk",132 m²,22 m,6 m,Đông,1
11.5 tỷ,"Đường N5, Phường Thống Nhất, TP. Biên Hòa, Đồng Nai",168 m²,--,8.4 m,--,0
5.1 tỷ,"Đường Tỉnh Lộ 87A, Xã Yên Bài, Huyện Ba Vì, TP Hà Nội","1,440 m²",56 m,27 m,--,0
10.85 tỷ,"Đường Kim Quan Thượng, Phường Bồ Đề, Quận Long Biên, TP Hà Nội",70 m²,10 m,6 m,--,0
1.5 tỷ,"Đường Quốc lộ 18, Xã An Sinh, Thị xã Đông Triều, Quảng Ninh","2,190 m²",136 m,16 m,--,0
6 tỷ,"Đường 43, Xã Phiêng Luông, Huyện Mộc Châu, Sơn La","1,054 m²",--,--,--,0
1.1 tỷ,"Đường Thạch Thành, Xã Ninh Quang, Thị xã Ninh Hòa, Khánh Hòa",151 m²,30 m,5 m,--,0
1.1 tỷ,"Đường Thạch Thành, Xã Ninh Quang, Thị xã Ninh Hòa, Khánh Hòa",151 m²,30 m,5 m,--,0
6.5 tỷ,"Đường Hoàng Văn Thụ, Phường 5, TP Đà Lạt, Lâm Đồng",55 m²,11 m,5 m,--,0
6 tỷ,"Đường 43, Xã Phiêng Luông, Huyện Mộc Châu, Sơn La","1,054 m²",--,--,--,0
1.85 tỷ,"Đường 1 Ninh Thọ, Ninh Hòa, Khánh Hòa",280 m²,28 m,10 m,--,0
6 tỷ,"Đường 43 Phiêng Luông, Mộc Châu, Sơn La","1,054 m²",--,--,--,0
1.25 tỷ,"Đường Trường Chinh Đồng Xuân, Phúc Yên, Vĩnh Phúc",94 m²,17 m,5 m,--,0
1.85 tỷ,"Đường 1 Ninh Thọ, Ninh Hòa, Khánh Hòa",280 m²,28 m,10 m,--,0
5 tỷ,"Đường Ba La Phú Lãm, Hà Đông, Hà Nội",50 m²,12.5 m,4 m,--,0
550 triệu,"Liên Xã, Xã Lộc An, Huyện Bảo Lâm, Lâm Đồng",203 m²,40 m,5 m,--,1
3 tỷ,"Đường Cách Mạng Tháng Tám 8, Đà Lạt, Lâm Đồng",180 m²,28.6 m,6.3 m,--,0
6 tỷ,"Đại lộ Thăng long, Xã Vân Côn, Huyện Hoài Đức, TP. Hà Nội",120 m²,--,--,--,0
1.4 tỷ,"Đường Bầu Đá Diên Khánh, huyện Diên Khánh, Khánh Hòa",100 m²,20 m,5 m,--,0
1.23 tỷ,"Đường 2 Diên An, Diên Khánh, Khánh Hòa",63 m²,13 m,5 m,--,0
880 triệu,"Đường Quốc Lộ 20, Xã Túc Trưng, Huyện Định Quán, Đồng Nai","1,000 m²",70 m,14.99 m,--,1
14 tỷ,"Quốc lộ 21, Xã Thủy Xuân Tiên, Huyện Chương Mỹ, TP. Hà Nội","3,600 m²",60 m,60 m,--,1
750 triệu,"Xã Gia Lộc, Huyện Trảng Bàng, Tây Ninh",280 m²,--,--,--,0
5.5 tỷ,"Đường Ngô Quyền, phường 6, Đà Lạt, Lâm Đồng",110 m²,14 m,4.7 m,--,0
900 triệu,"Đường Hùng Vương Bình Tân, Buôn Hồ, DakLak",132 m²,22 m,6 m,--,0
2.8 tỷ,"Xã Quy Đức, Huyện Bình Chánh, TP. Hồ Chí Minh",123 m²,--,--,Đ.Bắc,1
500 triệu,"Đường 55, Xã Thắng Hải, Huyện Hàm Tân, Bình Thuận",47 m²,7 m,6 m,--,0
1 tỷ,"Xã Châu Phong, Huyện Quế Võ, Bắc Ninh",90 m²,18 m,5 m,--,0
4.5 tỷ,"Đường Phạm Văn Đồng, Phường Hợp Đức, Quận Đồ Sơn, TP Hải Phòng",84 m²,14 m,6 m,--,0
1.6 tỷ,"Đường 1B, Phường Võ Cường, TP Bắc Ninh, Bắc Ninh",60 m²,12 m,5 m,--,0
1.88 tỷ,"Đường số 45, Phường 14, Quận Gò Vấp, TP. Hồ Chí Minh",85 m²,--,--,--,1
900 triệu,"Đường Hùng Vương, Phường Bình Tân, Thị xã Buôn Hồ, Đăk Lắk",132 m²,22 m,6 m,--,0
6 tỷ,"Đường 43, Xã Phiêng Luông, Huyện Mộc Châu, Sơn La","1,054 m²",--,--,--,0
850 triệu,"Đường Xóm Bàu, xã Diên Phước, Huyện Diên Khánh, Khánh Hòa",75 m²,5.8 m,12.9 m,--,0
1.5 tỷ,"Đường Tỉnh Lộ 10, Xã Đức Hòa Hạ, Huyện Đức Hòa, Long An",100 m²,20 m,5 m,--,0
470 triệu,"Thái Phiên, Phường 12, TP. Đà Lạt, Lâm Đồng",90 m²,--,--,Đ.Bắc,1
4.2 tỷ,"Thôn 2, Xã Cư ÊBur, TP. Buôn Ma Thuột, Đắk Lắk",300 m²,12 m,25 m,Đ.Nam,1
1.8 tỷ,"Đường Liên Xã, Xã Suối Tiên, Huyện Diên Khánh, Khánh Hòa",317 m²,14.4 m,22 m,--,0
6.5 tỷ,"Thiện ý, Phường 4, TP. Đà Lạt, Lâm Đồng",117 m²,--,--,Đ.Nam,1
6 tỷ,"Đường 43, Xã Phiêng Luông, Huyện Mộc Châu, Sơn La","1,054 m²",--,--,--,0
900 triệu,"Đường Hùng Vương, Phường Bình Tân, TX Buôn Hồ, Đắk Lắk",132 m²,22 m,6 m,--,0
1.4 tỷ,"Phường Đông Sơn, TP. Thanh Hóa, Thanh Hóa",60 m²,12 m,5 m,T.Nam,1
1.63 tỷ,"Đường ĐT 725, tt Nam Ban, Lâm Hà, Lâm Đồng",651 m²,--,10 m,--,0
6 tỷ,"Đại lộ Thăng Long, Xã Vân Côn, Huyện Hoài Đức, TP. Hà Nội",120 m²,--,--,--,0
22.9 tỷ,"Xã Gành Dầu, Thành Phố Phú Quốc, Kiên Giang",128 m²,--,--,--,0
280 triệu,"Xã Nghĩa Lâm, Huyện Tư Nghĩa, Quảng Ngãi",120 m²,25 m,5 m,Đ.Nam,1
2.25 tỷ,"Đường Tỉnh lộ 824, Xã Đức Hòa Hạ, huyện Đức Hòa, Long An",100 m²,20 m,5 m,--,0
900 triệu,"Đường Hùng Vương, Phường Bình Tân, Thị Xã Buôn Hồ, Đắk Lắk",132 m²,22 m,6 m,--,0
2 tỷ,"Đường 4D, Xã Tả Phìn, Thị xã Sa Pa, Lào Cai",273 m²,--,--,--,0
900 triệu,"Phường Thanh Khê Đông, Quận Thanh Khê, TP. Đà Nẵng",132 m²,22 m,6 m,--,1
900 triệu,"Đường Hùng Vương Bình Tân, Buôn Hồ, DakLak",132 m²,22 m,6 m,--,0
21 tỷ,"Đường Phạm Văn Đồng Ngọc Xuyên, Đồ Sơn, Hải Phòng",300 m²,16 m,5 m,--,0
1 tỷ,"Xã Đức Hòa Hạ, Huyện Đức Hòa, Long An",100 m²,--,--,--,0
578 triệu,"Đường 22B, Xã Thạnh Đức, huyện Gò Dầu, Tây Ninh","1,000 m²",--,--,--,0
3.25 tỷ,"Đường Nguyễn Lương Bằng, Xã Trường Đông, Huyện Hòa Thành, Tây Ninh","1,104 m²",--,--,--,0
1.2 tỷ,"Đường Quốc Lộ 20, Xã La Ngà, Huyện Định Quán, Đồng Nai","1,000 m²",20 m,50 m,--,1
2.5 tỷ,"Đường 43, xã Phiêng Luông, huyện Mộc Châu, Sơn La",289 m²,--,--,--,0
2 tỷ,"Đường Nguyễn Đại Thời Lợi Bình Nhơn, Tân An, Long An",848 m²,32 m,22 m,--,0
1.6 tỷ,"Đường 2/4 Bình Thạnh, Đức Trọng, Lâm Đồng",150 m²,15 m,10 m,--,0
1.8 tỷ,"Đường Nam Sông Hậu, Mái Dầm, Châu Thành, Hậu Giang",104 m²,16 m,7 m,--,0
39 tỷ,"Tân hiệp 18, Xã Tân Hiệp, Huyện Hóc Môn, TP. Hồ Chí Minh","5,000 m²",100 m,50 m,--,0
1.4 tỷ,"Đường Quốc Lộ 3, Xã Đông Xuân, Huyện Sóc Sơn, TP Hà Nội",88 m²,21 m,4.2 m,--,0
25.8 tỷ,"Đường Phan Văn Hớn, xã Xuân Thới Thượng, Huyện Hóc Môn, TP. HCM",893 m²,39 m,23 m,--,0
2.6 tỷ,"Đường Ven Biển, xã Bình Châu, huyện Xuyên Mộc, Bà Rịa - Vũng Tàu","10,005 m²",50 m,20 m,--,0
1.4 tỷ,"Đường Lê Văn Lương, thị trấn Nhà Bè, huyện Nhà Bè, TP. HCM","5,057 m²",100 m,50 m,--,0
14 tỷ,"Đại lộ Thăng Long, Xã Vân Côn, Huyện Hoài Đức, TP. Hà Nội",400 m²,--,--,--,0
25.8 tỷ,"Đường Phan Văn Hớn, xã Xuân Thới Thượng, Huyện Hóc Môn, TP. HCM",893 m²,39 m,23 m,--,0
500 triệu,Đường 55 Thắng Hải,47 m²,7 m,6 m,--,0
11 tỷ,"Đường 464 Phú Mỹ Hưng, Củ Chi, TPHCM","7,600 m²",85 m,90 m,--,0
500 triệu,"Đường 55 Thắng Hải, Hàm Tân, Bình Thuận",47 m²,7 m,6 m,--,0
2.5 tỷ,"Đường Tỉnh Lộ 8 Quảng Hiệp, Cư Mgar, DakLak","8,000 m²",--,--,--,0
920 triệu,"Đường Quốc Lộ 3 Hồng Kỳ, Sóc Sơn, Hà Nội",108 m²,24 m,4.2 m,--,0
1.66 tỷ,"Thị trấn Thạnh Phú, Huyện Thạnh Phú, Bến Tre",120 m²,24 m,5 m,--,0
4.6 tỷ,"75, Phường Tam Hòa, TP. Biên Hòa, Đồng Nai",75 m²,--,5 m,--,0
2.85 tỷ,"Z153, Thị trấn Đông Anh, Huyện Đông Anh, TP. Hà Nội",55 m²,12.3 m,4.5 m,Bắc,1
1.6 tỷ,"Đường 2/4, xã Bình Thạnh, huyện Đức Trọng, Lâm Đồng",150 m²,15 m,10 m,--,0
1.1 tỷ,"Cách Mạng Tháng 8, Thị trấn Đất Đỏ, Huyện Đất Đỏ, Bà Rịa - Vũng Tàu",150 m²,30 m,5 m,--,1
900 triệu,"Phường Phú Lợi, TP. Thủ Dầu Một, Bình Dương",132 m²,22 m,6 m,--,1
2.1 tỷ,"Đường 8, xã Long Đức, Huyện Long Thành, Đồng Nai",210 m²,45 m,5 m,--,0
2.97 tỷ,"Đường Quốc Lộ 3, xã Hồng Kỳ, Huyện Sóc Sơn, TP. HN",220 m²,19 m,11.4 m,--,0
1.1 tỷ,"17 Duy Tân, Phường 1, TP. Bảo Lộc, Lâm Đồng",118 m²,24 m,5 m,Đ.Nam,1
14 tỷ,"Đại lộ Thăng Long, Xã Vân Côn, Huyện Hoài Đức, TP. Hà Nội",400 m²,--,--,--,0
7.9 tỷ,"Đường Nguyễn Ái Quốc, Phường Tân Phong, TP. Biên Hòa, Đồng Nai",200 m²,--,10 m,--,0
1.31 tỷ,"Nguyễn Tất Thành, Xã Lý Văn Lâm, TP. Cà Mau, Cà Mau",150 m²,38 m,5 m,Đ.Bắc,1
600 triệu,"Đường Ngọc Trai 1-18,Xã Hướng Đạo, Huyện Tam Dương, Vĩnh Phúc",125 m²,21 m,5 m,--,0
1.4 tỷ,"Đường Lê Văn Lương, Thị trấn Nhà Bè, Huyện Nhà Bè, TPHCM","5,057 m²",100 m,50 m,--,0
1.2 tỷ,"98 thôn 2, Xã Sơn Mỹ, Huyện Hàm Tân, Bình Thuận",300 m²,6.8 m,47.98 m,--,0
1.1 tỷ,"Thị trấn Cần Đước, Huyện Cần Đước, Long An",100 m²,20 m,5 m,--,1
2.1 tỷ,"Đường 8, Xã Long Đức, huyện Long Thành, Đồng Nai",210 m²,45 m,5 m,--,0
2.95 tỷ,"Đường Cổ Linh, Phường Thạch Bàn, Quận Long Biên, TP. HN",41 m²,11 m,3.9 m,--,0
600 triệu,"Đường Tỉnh lộ 305, Xã Hướng Đạo, Huyện Tam Dương, Vĩnh Phúc",125 m²,21 m,5 m,--,0
599 triệu,"Đường ĐT 755, xã Phước Sơn, Huyện Bù Đăng, Bình Phước",250 m²,50 m,5 m,--,0
2.1 tỷ,"Đường 19, Thị trấn Đông Anh, Huyện Đông Anh, TP. HN",54 m²,10 m,5.22 m,--,0
1.88 tỷ,"Xã Đức Hòa Hạ, Huyện Đức Hòa, Long An",375 m²,--,--,--,0
899 triệu,"Hùng Vương, Thị trấn Krông Năng, Huyện Krông Năng, Đắk Lắk",132 m²,22 m,6 m,--,1
3 tỷ,"Xuân Hòa, Thị xã Hương Thủy, Thừa Thiên Huế",116 m²,26 m,4.5 m,Bắc,0
3.8 tỷ,"Phước Tường 3, Phường Hòa Phát, Quận Cẩm Lệ, TP. Đà Nẵng",180 m²,26 m,7 m,--,0
42 tỷ,"Đường 2/4, Xã Ninh Gia, Huyện Đức Trọng, Lâm Đồng","14,000 m²",--,--,--,0
12 tỷ,"QL13, Xã Tân Hiệp, Huyện Hớn Quản, Bình Phước","17,667 m²",--,--,--,0
1.7 tỷ,"Võ Nguyên Giáp , Phường IV, TP. Vị Thanh, Hậu Giang",100 m²,--,--,--,0
899 triệu,"Đường Lộc Tân, Xã Phú Lộc, Huyện Krông Năng, Đắk Lắk",132 m²,22 m,6 m,Đông,1
9.8 tỷ,"Đường Nguyễn Quyền, Phường Võ Cường, TP. Bắc Ninh, Bắc Ninh",102 m²,--,--,--,0
11.6 tỷ,"Đường Gia Thượng, Phường Ngọc Thụy, Quận Long Biên, TP. HN",100 m²,11.6 m,5 m,--,0
4.8 tỷ,"Đường Phạm Văn Khoai, Phường Tân Hiệp, TP Biên Hòa, Đồng Nai",280 m²,28 m,10 m,--,0
58.5 tỷ,"Xã Thạnh Hòa, Huyện Bến Lức, Long An","45,000 m²",--,--,--,0
1.68 tỷ,"Đường Hải Thành, Phường Hải Thành, Quận Dương Kinh, TP Hải Phòng",66 m²,13 m,4 m,--,0
150 tỷ,"Xã Vĩnh Lộc A, Huyện Bình Chánh, TP. Hồ Chí Minh","5,500 m²",--,--,--,0
1.5 tỷ,"Đường Hải Thành Hải Thành, Dương Kinh, Hải Phòng",100 m²,20 m,5 m,--,0
6 tỷ,"Đường D3 Suối Tân, Cam Lâm, Khánh Hòa","3,000 m²",150 m,20 m,--,0
620 triệu,"Đường Quốc Lộ 13 Lộc Thịnh, Lộc Ninh, Bình Phước",250 m²,25 m,10 m,--,0
850 triệu,"Đường ĐT 756 Thanh An, Hớn Quản, Bình Phước",450 m²,45 m,10 m,--,0
3.2 tỷ,"Xã Phù Khê, Thị xã Từ Sơn, Bắc Ninh",100 m²,--,--,--,0
9.2 tỷ,"Hương Lộ 9, Xã Tân Bình, Huyện Vĩnh Cửu, Đồng Nai","1,064 m²",--,18 m,--,0
1.75 tỷ,"Phường Tân Tạo, Quận Bình Tân, TP. Hồ Chí Minh",80 m²,--,--,--,1
599 triệu,"Đường ĐT 755, Xã Phước Sơn, Huyện Bù Đăng, Bình Phước",250 m²,50 m,5 m,--,0
14.3 tỷ,"Đường số 37, Phường Hiệp Bình Chánh, TP. Thủ Đức, TP. Hồ Chí Minh",190 m²,19 m,10 m,Tây,1
1.81 tỷ,Đường Quốc lộ 1A Đập Đá,108 m²,--,5 m,--,0
1 tỷ,"Đường ĐT 158, Xã Y Tý, Huyện Bát Xát, Lào Cai",194 m²,--,--,--,0
2.1 tỷ,"Đường Đại Lộ Bắc Sơn, Xã Long Đức, Huyện Long Thành, Đồng Nai",210 m²,--,--,--,0
300 triệu,"Đường 55, Xã Tân Lạc, Huyện Bảo Lâm, Lâm Đồng",240 m²,40 m,6 m,--,0
2.1 tỷ,"Hẻm Tuệ Tĩnh, Phường Ea Tam, Tp. Buôn Ma Thuột, Đắk Lắk",87 m²,5 m,17.5 m,Nam,1
1.95 tỷ,"Hẻm 113 Nguyễn Cơ Thạnh, Phường Thành Nhất, TP. Buôn Ma Thuột, Đắk Lắk",130 m²,24 m,5.5 m,Nam,1
1.35 tỷ,"Kho Thái Phúc, Tỉnh Lộ 8, Xã Cư Suê, Huyện Cư Mgar, Đắk Lắk",152 m²,30 m,5 m,Nam,1
2.6 tỷ,"Đường Đắk Wer, Đắk R’lấp, Đắk Nông.","13,000 m²",--,--,--,0
300 triệu,"Đường 55, Xã Tân Lạc, Huyện Bảo Lâm, Lâm Đồng",240 m²,40 m,6 m,--,0
1 tỷ,"Đường ĐT 158, Xã Y Tý, Huyện Bát Xát, Lào Cai",194 m²,--,--,--,0
140 tỷ,"Xã Tứ Hiệp, Huyện Thanh Trì, TP. Hà Nội","5,000 m²",--,--,--,0
950 triệu,"Hòa Nghĩa, Phường Hoà Nghĩa, Quận Dương Kinh, TP. Hải Phòng",58 m²,--,4 m,--,1
6 tỷ,"Đường Quốc lộ 32, Xã Đức Thượng, Huyện Hoài Đức, TP. Hà Nội",96 m²,--,--,--,0
131.4 tỷ,"Phường Phú Hài, TP. Phan Thiết, Bình Thuận","3,285 m²",--,--,--,0
500 triệu,Đường 19/5 Minh Khai,104 m²,10.4 m,10 m,--,0
2.25 tỷ,"Xã Quy Đức, Huyện Bình Chánh, TP. Hồ Chí Minh",80 m²,--,--,--,0
1.7 tỷ,"Xã Xuân Nộn, Huyện Đông Anh, TP. Hà Nội",49 m²,13 m,3.8 m,Đ.Nam,1
870 triệu,"Số 9, Xã Lộc Châu, TP. Bảo Lộc, Lâm Đồng",512 m²,51 m,10 m,--,1
900 triệu,"Xã Phú Lộc, Huyện Krông Năng, Đắk Lắk",132 m²,--,--,--,1
2.1 tỷ,"Đường 8, xã Long Đức, huyện Long Thành, tỉnh Đồng Nai",210 m²,45 m,5 m,--,0
800 triệu,"Xã Tân An Hội, Huyện Củ Chi, TP. Hồ Chí Minh",150 m²,--,--,--,0
1.5 tỷ,"Đường Quốc lộ 18, Xã An Sinh, Thị xã Đông Triều, Quảng Ninh","2,190 m²",136 m,16 m,--,0
15 tỷ,"Đường Nguyễn Oanh, Phường 17, Quận Gò Vấp, TPHCM",146 m²,15 m,9.5 m,--,0
19.5 tỷ,"Đường Yên Hòa, Phường Yên Hòa, Quận Cầu Giấy, TP. HN",250 m²,14 m,19 m,--,0
1 tỷ,"Đường 20, xã Lộc Nga, TP. Bảo Lộc, Lâm Đồng",140 m²,--,--,--,0
599 triệu,"Đường ĐT 755, xã Phước Sơn, Huyện Bù Đăng, Bình Phước",250 m²,50 m,5 m,--,0
3.3 tỷ,"Đường Trần Đại Nghĩa, Phường Tân Tạo A, Quận Bình Tân, TPHCM",75 m²,15 m,5 m,--,0
1.5 tỷ,"Đường Chu Văn An, Xã Trạm Hành, TP Đà Lạt, Lâm Đồng","1,170 m²",55 m,20 m,--,0
3.2 tỷ,"Đường Quốc Lộ 20, Xã La Ngà, Huyện Định Quán, Đồng Nai","2,000 m²",20 m,100 m,--,1
9 tỷ,"Đường 1, Xã Hòa Phú, TP Buôn Ma Thuột, Đăk Lăk","13,680 m²",152 m,90 m,--,0
1.2 tỷ,"Đường 101 Nam Lộ, Xã La Ngà, Huyện Định Quán, Đồng Nai","1,000 m²",20 m,50 m,--,1
750 triệu,"Đường Trần Quý Cáp, Xã Cư Ebur, Tp Buôn Ma Thuột, Đắk Lắk",180 m²,--,--,--,0
300 triệu,"Đường 55, Xã Tân Lạc, Huyện Bảo Lâm, Lâm Đồng",240 m²,40 m,6 m,--,0
21 tỷ,"Đường Phạm Văn Đồng, Phường Ngọc Xuyên, Quận Đồ Sơn, TP Hải Phòng",300 m²,16 m,5 m,--,0
1 tỷ,"Đường 43, Xã Chiềng Sơn, Huyện Mộc Châu, Sơn La","2,100 m²",--,--,--,0
300 triệu,"Đường 55, Xã Tân Lạc, Huyện Bảo Lâm, Lâm Đồng",240 m²,40 m,6 m,--,0
6.5 tỷ,"Phan Đình Phùng, Phường 2, TP. Đà Lạt, Lâm Đồng",42 m²,--,--,Đ.Nam,0
7.2 tỷ,"Mimosa, Phường 10, TP. Đà Lạt, Lâm Đồng","1,000 m²",--,--,Đ.Bắc,1
900 triệu,"Thị trấn Lai Uyên, Huyện Bàu Bàng, Bình Dương",132 m²,22 m,6 m,--,1
1 tỷ,"Đường 43, Xã Chiềng Sơn, Huyện Mộc Châu, Sơn La","2,100 m²",--,--,--,0
2.19 tỷ,"Đường Tỉnh Lộ 35 Minh Trí, Sóc Sơn, Hà Nội",208 m²,12 m,16.2 m,--,0
3.5 tỷ,"Đường 10 Hùng Vương, Hồng Bàng, Hải Phòng",116 m²,--,--,--,0
450 triệu,"Đường Quốc lộ 14 Nghĩa Bình, Bù Đăng, Bình Phước",282 m²,47 m,6 m,--,0